Id,Fecha,Cierre,Referencia,Volumen,Efectivo,Último,Máximo,Mínimo,Medio,Activo
2,09/03/2022,"156,1000","150,0000",192.222,"29.865.058,90","156,1000","157,2000","151,1000","155,3675",ACCIONA
3,10/03/2022,"155,2000","156,1000",124.055,"19.334.297,70","155,2000","159,3000","153,9000","155,8526",ACCIONA
4,11/03/2022,"161,3000","155,2000",159.788,"25.785.855,30","161,3000","164,2000","156,8000","161,3754",ACCIONA
5,14/03/2022,"158,0000","161,3000",100.997,"16.152.821,40","158,0000","165,3000","157,7000","159,9337",ACCIONA
6,15/03/2022,"160,6000","158,0000",116.630,"18.595.385,80","160,6000","162,0000","155,6000","159,7991",ACCIONA
7,16/03/2022,"159,7000","160,6000",148.695,"23.860.863,30","159,7000","163,9000","158,0000","159,6349",ACCIONA
8,17/03/2022,"163,3000","159,7000",145.231,"23.625.334,70","163,3000","164,6000","159,9000","162,6742",ACCIONA
9,18/03/2022,"163,9000","163,3000",150.742,"24.692.905,60","163,9000","165,0000","161,8000","163,8082",ACCIONA
10,21/03/2022,"164,6000","163,9000",88.048,"14.515.069,70","164,6000","166,8000","162,7000","164,8541",ACCIONA
11,22/03/2022,"165,6000","164,6000",78.694,"12.968.178,80","165,6000","166,2000","162,8000","164,7925",ACCIONA
12,23/03/2022,"161,6000","165,6000",69.454,"11.276.871,00","161,6000","167,0000","161,2000","162,3646",ACCIONA
13,24/03/2022,"164,8000","161,6000",94.319,"15.439.104,60","164,8000","164,9000","161,6000","163,6903",ACCIONA
14,25/03/2022,"166,1000","164,8000",76.191,"12.664.552,20","166,1000","167,3000","163,7000","166,2211",ACCIONA
15,28/03/2022,"170,7000","166,1000",138.262,"23.361.055,90","170,7000","171,8000","166,1000","169,9698",ACCIONA
16,29/03/2022,"169,6000","170,7000",182.238,"31.085.528,90","169,6000","173,1000","168,4000","170,1483",ACCIONA
17,30/03/2022,"169,8000","169,6000",96.667,"16.373.118,60","169,8000","170,4000","167,2000","169,3765",ACCIONA
18,31/03/2022,"173,5000","169,8000",141.337,"24.382.058,10","173,5000","174,1000","169,5000","172,8675",ACCIONA
19,01/04/2022,"175,8000","173,5000",152.976,"26.735.226,40","175,8000","176,6000","172,2000","175,4209",ACCIONA
20,04/04/2022,"177,6000","175,8000",94.788,"16.791.978,10","177,6000","178,3000","175,1000","177,1530",ACCIONA
21,05/04/2022,"183,0000","177,6000",152.627,"27.660.357,40","183,0000","184,7000","175,3000","181,2285",ACCIONA
22,06/04/2022,"185,7000","183,0000",145.611,"26.793.110,30","185,7000","185,7000","180,9000","184,0047",ACCIONA
23,07/04/2022,"187,0000","185,7000",190.954,"35.762.487,00","187,0000","190,6000","184,9000","187,6412",ACCIONA
24,08/04/2022,"192,0000","187,0000",101.044,"19.266.492,20","192,0000","192,1000","187,3000","190,6743",ACCIONA
26,09/03/2022,"9,7200","9,5800",2.071.227,"20.034.382,12","9,7200","9,8820","9,3660","9,6727",ACERINOX
27,10/03/2022,"9,3700","9,7200",2.251.096,"21.233.257,66","9,3700","9,7580","9,3160","9,4324",ACERINOX
28,11/03/2022,"9,4300","9,3700",2.183.594,"20.494.993,44","9,4300","9,5720","9,1000","9,3859",ACERINOX
29,14/03/2022,"9,6300","9,4300",1.254.373,"12.040.251,99","9,6300","9,7440","9,3720","9,5977",ACERINOX
30,15/03/2022,"9,5240","9,6300",1.085.349,"10.332.686,23","9,5240","9,6760","9,3700","9,5202",ACERINOX
31,16/03/2022,"10,1350","9,5240",1.557.074,"15.548.552,22","10,1350","10,1600","9,7400","9,9857",ACERINOX
32,17/03/2022,"10,1600","10,1350",1.144.661,"11.641.506,40","10,1600","10,4150","10,0200","10,1703",ACERINOX
33,18/03/2022,"9,9760","10,1600",2.097.299,"20.999.119,15","9,9760","10,2800","9,9140","10,0177",ACERINOX
34,21/03/2022,"10,3600","9,9760",999.581,"10.236.514,88","10,3600","10,3600","9,9940","10,2408",ACERINOX
35,22/03/2022,"10,7200","10,3600",1.355.929,"14.433.212,89","10,7200","10,7650","10,3700","10,6445",ACERINOX
36,23/03/2022,"10,3450","10,7200",1.683.939,"17.539.204,09","10,3450","10,8200","10,1700","10,4156",ACERINOX
37,24/03/2022,"10,2800","10,3450",1.492.314,"15.458.380,29","10,2800","10,6800","10,2300","10,3587",ACERINOX
38,25/03/2022,"10,3200","10,2800",1.226.945,"12.570.950,28","10,3200","10,3800","10,1350","10,2480",ACERINOX
39,28/03/2022,"10,0950","10,3200",1.249.883,"12.756.734,49","10,0950","10,4200","10,0650","10,2047",ACERINOX
40,29/03/2022,"10,2700","10,0950",1.350.393,"13.798.835,95","10,2700","10,3000","10,1000","10,2184",ACERINOX
41,30/03/2022,"10,1050","10,2700",1.575.647,"16.032.584,77","10,1050","10,3800","10,0200","10,1448",ACERINOX
42,31/03/2022,"9,9800","10,1050",1.191.650,"11.957.966,97","9,9800","10,2050","9,9500","10,0348",ACERINOX
43,01/04/2022,"10,1450","9,9800",659.372,"6.638.268,49","10,1450","10,1700","9,9320","10,0676",ACERINOX
44,04/04/2022,"9,9860","10,1450",1.208.373,"12.048.762,11","9,9860","10,1550","9,8680","9,9711",ACERINOX
45,05/04/2022,"9,7900","9,9860",1.837.670,"18.015.015,88","9,7900","9,9800","9,7160","9,8032",ACERINOX
46,06/04/2022,"9,5540","9,7900",1.826.233,"17.556.234,13","9,5540","9,9220","9,4400","9,6134",ACERINOX
47,07/04/2022,"9,3800","9,5540",1.633.390,"15.448.550,77","9,3800","9,6180","9,3720","9,4580",ACERINOX
48,08/04/2022,"9,4420","9,3800",892.972,"8.514.304,25","9,4420","9,6820","9,4320","9,5348",ACERINOX
50,09/03/2022,"22,7100","21,7100",1.423.545,"32.270.443,70","22,7100","22,9900","22,1900","22,6691",ACS
51,10/03/2022,"22,7500","22,7100",919.053,"20.940.318,82","22,7500","23,0400","22,4800","22,7847",ACS
52,11/03/2022,"23,3400","22,7500",1.164.930,"27.175.787,93","23,3400","23,7200","22,8600","23,3283",ACS
53,14/03/2022,"23,9100","23,3400",1.381.681,"32.967.588,92","23,9100","24,0700","23,6100","23,8615",ACS
54,15/03/2022,"23,9800","23,9100",1.155.179,"27.651.618,51","23,9800","24,1900","23,5400","23,9371",ACS
55,16/03/2022,"24,4000","23,9800",1.468.489,"35.886.163,93","24,4000","24,6700","24,2000","24,4375",ACS
56,17/03/2022,"24,6400","24,4000",986.521,"24.214.906,61","24,6400","24,7000","24,3200","24,5458",ACS
57,18/03/2022,"24,1000","24,6400",5.609.074,"135.424.055,97","24,1000","24,7500","24,1000","24,1437",ACS
58,21/03/2022,"24,1400","24,1000",1.166.578,"28.142.175,64","24,1400","24,3800","23,8900","24,1819",ACS
59,22/03/2022,"24,6700","24,1400",676.839,"16.620.731,16","24,6700","24,6700","24,2100","24,5564",ACS
60,23/03/2022,"24,3800","24,6700",659.141,"16.204.726,53","24,3800","24,9300","24,3800","24,5846",ACS
61,24/03/2022,"24,5800","24,3800",610.102,"15.011.250,55","24,5800","24,7900","24,4600","24,6045",ACS
62,25/03/2022,"24,6200","24,5800",434.029,"10.691.608,13","24,6200","24,7900","24,4600","24,6334",ACS
63,28/03/2022,"24,7000","24,6200",606.071,"15.039.243,07","24,7000","24,9900","24,6300","24,8127",ACS
64,29/03/2022,"24,9300","24,7000",879.936,"21.932.867,00","24,9300","25,1000","24,7500","24,9255",ACS
65,30/03/2022,"24,6900","24,9300",715.290,"17.708.868,14","24,6900","25,0900","24,5400","24,7613",ACS
66,31/03/2022,"24,5000","24,6900",740.556,"18.198.484,33","24,5000","24,9100","24,3900","24,5741",ACS
67,01/04/2022,"24,5900","24,5000",473.609,"11.649.263,56","24,5900","24,7900","24,3200","24,5968",ACS
68,04/04/2022,"24,2400","24,5900",755.995,"18.379.233,19","24,2400","24,7700","24,1400","24,3113",ACS
69,05/04/2022,"24,3900","24,2400",879.265,"21.375.247,01","24,3900","24,4800","24,0700","24,3033",ACS
70,06/04/2022,"23,4600","24,3900",1.251.560,"29.697.429,18","23,4600","24,5400","23,3800","23,7283",ACS
71,07/04/2022,"23,5500","23,4600",949.227,"22.548.758,36","23,5500","24,0700","23,4100","23,7549",ACS
72,08/04/2022,"24,0700","23,5500",702.632,"16.853.319,80","24,0700","24,1400","23,7300","23,9860",ACS
74,09/03/2022,"134,3500","126,4000",201.072,"26.903.777,55","134,3500","135,4000","130,6000","133,8017",AENA
75,10/03/2022,"133,3000","134,3500",138.278,"18.448.474,35","133,3000","136,3000","131,2500","133,4158",AENA
76,11/03/2022,"133,7000","133,3000",263.071,"35.338.408,25","133,7000","137,3500","133,1000","134,3442",AENA
77,14/03/2022,"137,5500","133,7000",133.396,"18.315.481,60","137,5500","139,0000","135,5000","137,3016",AENA
78,15/03/2022,"137,1000","137,5500",163.574,"22.343.433,25","137,1000","138,1500","134,5000","136,6152",AENA
79,16/03/2022,"140,1000","137,1000",151.396,"21.245.355,55","140,1000","141,8500","139,0500","140,3297",AENA
80,17/03/2022,"141,6500","140,1000",449.174,"62.887.016,70","141,6500","141,9500","139,0500","141,0233",AENA
81,18/03/2022,"150,0000","141,6500",500.391,"74.319.190,20","150,0000","150,0000","141,3500","148,5359",AENA
82,21/03/2022,"143,3000","150,0000",214.045,"31.073.323,55","143,3000","149,3500","143,3000","145,1719",AENA
83,22/03/2022,"145,1500","143,3000",254.290,"36.614.688,73","145,1500","145,5000","142,7500","144,6498",AENA
84,23/03/2022,"143,8500","145,1500",203.662,"29.330.824,95","143,8500","146,3000","143,4500","144,2533",AENA
85,24/03/2022,"145,0500","143,8500",280.796,"40.700.278,20","145,0500","146,1000","143,0000","144,7254",AENA
86,25/03/2022,"146,9500","145,0500",120.724,"17.787.931,65","146,9500","148,9000","146,2000","147,3438",AENA
87,28/03/2022,"147,0000","146,9500",138.853,"20.433.582,60","147,0000","148,8500","146,6500","147,2447",AENA
88,29/03/2022,"150,2000","147,0000",113.071,"16.912.781,20","150,2000","150,6000","147,5500","149,5766",AENA
89,30/03/2022,"151,8500","150,2000",169.494,"25.652.573,30","151,8500","151,9500","148,8500","151,3480",AENA
90,31/03/2022,"151,0500","151,8500",428.313,"64.790.421,90","151,0500","153,9500","150,6500","151,2689",AENA
91,01/04/2022,"147,1500","151,0500",145.176,"21.514.209,40","147,1500","150,9000","147,0000","148,1940",AENA
92,04/04/2022,"146,1000","147,1500",121.597,"17.625.483,35","146,1000","147,6000","141,3000","144,9500",AENA
93,05/04/2022,"146,1000","146,1000",116.187,"16.975.190,80","146,1000","148,2500","143,8500","146,1023",AENA
94,06/04/2022,"143,3500","146,1000",140.166,"20.107.184,50","143,3500","146,2500","142,0000","143,4527",AENA
95,07/04/2022,"142,7500","143,3500",147.979,"21.210.940,60","142,7500","144,9500","142,3000","143,3375",AENA
96,08/04/2022,"145,2000","142,7500",601.115,"86.921.637,05","145,2000","145,3000","142,8000","144,9553",AENA
98,09/03/2022,"11,1600","10,8600",319.723,"3.550.895,29","11,1600","11,2000","10,9400","11,1062",ALMIRALL
99,10/03/2022,"11,4700","11,1600",600.174,"6.806.945,14","11,4700","11,6200","11,1700","11,4046",ALMIRALL
100,11/03/2022,"11,8100","11,4700",339.904,"4.011.688,06","11,8100","11,9800","11,4900","11,8024",ALMIRALL
101,14/03/2022,"12,2400","11,8100",337.524,"4.068.721,92","12,2400","12,2700","11,8200","12,0546",ALMIRALL
102,15/03/2022,"11,5500","12,2400",472.222,"5.541.809,72","11,5500","12,1000","11,5000","11,7298",ALMIRALL
103,16/03/2022,"11,8800","11,5500",272.724,"3.216.927,78","11,8800","11,8800","11,7000","11,7981",ALMIRALL
104,17/03/2022,"11,9500","11,8800",250.612,"2.978.202,90","11,9500","12,0000","11,7000","11,8837",ALMIRALL
105,18/03/2022,"12,2300","11,9500",328.180,"3.983.126,53","12,2300","12,2800","11,8800","12,1342",ALMIRALL
106,21/03/2022,"12,1900","12,2300",202.442,"2.456.227,79","12,1900","12,2500","11,9800","12,1330",ALMIRALL
107,22/03/2022,"12,3600","12,1900",225.811,"2.773.449,31","12,3600","12,3900","12,0300","12,2822",ALMIRALL
108,23/03/2022,"12,2600","12,3600",502.416,"6.141.430,67","12,2600","12,5100","12,0400","12,2238",ALMIRALL
109,24/03/2022,"12,5200","12,2600",206.992,"2.567.009,04","12,5200","12,5200","12,1500","12,4015",ALMIRALL
110,25/03/2022,"12,4800","12,5200",431.321,"5.432.588,95","12,4800","12,7600","12,4800","12,6043",ALMIRALL
111,28/03/2022,"12,4500","12,4800",511.652,"6.484.780,06","12,4500","12,9700","12,4500","12,6742",ALMIRALL
112,29/03/2022,"11,7500","12,4500",666.050,"7.925.927,70","11,7500","12,5300","11,7100","11,8999",ALMIRALL
113,30/03/2022,"11,9000","11,7500",492.457,"5.894.195,24","11,9000","12,2300","11,8000","11,9690",ALMIRALL
114,31/03/2022,"11,5300","11,9000",811.819,"9.582.102,56","11,5300","11,9600","11,5300","11,6741",ALMIRALL
115,01/04/2022,"11,4900","11,5300",386.535,"4.435.819,02","11,4900","11,6300","11,3500","11,4913",ALMIRALL
116,04/04/2022,"11,6400","11,4900",346.473,"4.041.023,29","11,6400","11,7500","11,5500","11,6633",ALMIRALL
117,05/04/2022,"11,9500","11,6400",542.738,"6.464.430,10","11,9500","12,0100","11,6400","11,9108",ALMIRALL
118,06/04/2022,"11,9500","11,9500",501.011,"6.002.776,70","11,9500","12,2500","11,8000","11,9868",ALMIRALL
119,07/04/2022,"12,0700","11,9500",308.231,"3.727.015,89","12,0700","12,2200","11,9700","12,0916",ALMIRALL
120,08/04/2022,"12,0500","12,0700",478.190,"5.756.051,87","12,0500","12,1900","11,7900","12,0248",ALMIRALL
122,09/03/2022,"53,8200","50,4200",1.813.087,"95.882.728,80","53,8200","54,0600","50,7800","53,2324",AMADEUS
123,10/03/2022,"52,6600","53,8200",1.054.501,"56.285.536,80","52,6600","54,3200","52,2400","52,9360",AMADEUS
124,11/03/2022,"52,8800","52,6600",1.031.006,"54.797.127,48","52,8800","54,5000","52,1000","53,1492",AMADEUS
125,14/03/2022,"53,4200","52,8800",574.490,"30.737.211,90","53,4200","54,4600","53,0000","53,5035",AMADEUS
126,15/03/2022,"52,9400","53,4200",668.885,"35.415.473,82","52,9400","53,6600","51,9600","52,9470",AMADEUS
127,16/03/2022,"54,8000","52,9400",1.710.595,"93.189.236,32","54,8000","55,2800","53,4200","54,6635",AMADEUS
128,17/03/2022,"55,4600","54,8000",1.516.558,"83.732.590,06","55,4600","55,6800","54,4800","55,2715",AMADEUS
129,18/03/2022,"56,0000","55,4600",1.416.078,"79.075.778,76","56,0000","56,3800","54,5800","55,6830",AMADEUS
130,21/03/2022,"56,2600","56,0000",859.678,"48.169.723,52","56,2600","56,8200","55,5000","56,2475",AMADEUS
131,22/03/2022,"57,9000","56,2600",803.526,"46.217.742,72","57,9000","57,9000","55,9000","57,6035",AMADEUS
132,23/03/2022,"56,3200","57,9000",629.193,"35.685.888,92","56,3200","58,4200","56,2800","56,7169",AMADEUS
133,24/03/2022,"56,7800","56,3200",1.351.082,"76.286.870,52","56,7800","56,8400","55,6800","56,6357",AMADEUS
134,25/03/2022,"56,6000","56,7800",370.092,"20.994.155,66","56,6000","57,4800","56,2600","56,7269",AMADEUS
135,28/03/2022,"56,5800","56,6000",750.806,"42.580.595,06","56,5800","57,4000","56,4000","56,6745",AMADEUS
136,29/03/2022,"60,7000","56,5800",1.359.484,"80.913.065,78","60,7000","61,0400","57,0200","60,0900",AMADEUS
137,30/03/2022,"59,3800","60,7000",667.655,"39.830.585,82","59,3800","61,0000","59,3800","59,6574",AMADEUS
138,31/03/2022,"59,1800","59,3800",766.654,"45.465.780,14","59,1800","60,3600","58,5200","59,3042",AMADEUS
139,01/04/2022,"58,4600","59,1800",548.866,"32.218.777,94","58,4600","59,4800","58,3000","58,6181",AMADEUS
140,04/04/2022,"59,3000","58,4600",1.036.481,"60.784.912,72","59,3000","59,4800","57,8800","58,9639",AMADEUS
141,05/04/2022,"59,6200","59,3000",1.386.165,"82.620.295,26","59,6200","60,3800","59,0000","59,6647",AMADEUS
142,06/04/2022,"57,4000","59,6200",834.017,"48.179.716,12","57,4000","60,0000","56,9600","57,7683",AMADEUS
143,07/04/2022,"56,4400","57,4000",1.108.693,"63.634.365,90","56,4400","58,6400","56,1400","57,2406",AMADEUS
144,08/04/2022,"56,5400","56,4400",747.424,"42.359.195,70","56,5400","57,1600","55,9600","56,4862",AMADEUS
146,09/03/2022,"26,9850","26,1500",1.421.135,"37.490.058,72","26,9850","27,0300","25,3800","26,3112",ARCELORMIT.
147,10/03/2022,"26,7900","26,9850",911.138,"24.521.729,57","26,7900","27,2900","26,6000","26,9133",ARCELORMIT.
148,11/03/2022,"27,6550","26,7900",1.282.921,"35.100.844,69","27,6550","27,8300","26,2150","27,3601",ARCELORMIT.
149,14/03/2022,"27,8450","27,6550",650.671,"18.008.395,62","27,8450","28,1050","26,9550","27,6766",ARCELORMIT.
150,15/03/2022,"27,3800","27,8450",1.012.324,"27.319.051,44","27,3800","27,4500","26,4500","26,9865",ARCELORMIT.
151,16/03/2022,"28,8300","27,3800",1.224.175,"34.857.944,41","28,8300","28,9300","27,9700","28,5369",ARCELORMIT.
152,17/03/2022,"28,9650","28,8300",716.753,"20.667.423,39","28,9650","29,4000","28,3400","28,8016",ARCELORMIT.
153,18/03/2022,"28,3000","28,9650",691.054,"19.638.220,99","28,3000","28,9750","28,1400","28,4220",ARCELORMIT.
154,21/03/2022,"29,8700","28,3000",877.389,"25.719.136,57","29,8700","29,9150","28,4650","29,3133",ARCELORMIT.
155,22/03/2022,"30,5350","29,8700",1.260.590,"38.651.128,79","30,5350","31,0800","30,1750","30,6611",ARCELORMIT.
156,23/03/2022,"30,3450","30,5350",640.385,"19.365.987,96","30,3450","30,7400","29,6900","30,2412",ARCELORMIT.
157,24/03/2022,"30,2800","30,3450",418.817,"12.687.551,70","30,2800","30,5800","29,9150","30,2938",ARCELORMIT.
158,25/03/2022,"31,1800","30,2800",686.148,"21.187.102,55","31,1800","31,1900","30,3500","30,8783",ARCELORMIT.
159,28/03/2022,"30,3950","31,1800",524.365,"16.080.874,68","30,3950","31,2950","30,2500","30,6673",ARCELORMIT.
160,29/03/2022,"29,9750","30,3950",798.387,"24.017.710,93","29,9750","30,7800","29,2150","30,0828",ARCELORMIT.
161,30/03/2022,"29,6550","29,9750",334.079,"9.940.692,21","29,6550","30,2900","29,2800","29,7555",ARCELORMIT.
162,31/03/2022,"29,3000","29,6550",256.668,"7.560.573,32","29,3000","29,7900","29,2700","29,4566",ARCELORMIT.
163,01/04/2022,"29,7700","29,3000",352.265,"10.346.395,15","29,7700","29,9000","28,7500","29,3711",ARCELORMIT.
164,04/04/2022,"29,6000","29,7700",296.390,"8.780.969,55","29,6000","29,8500","29,2700","29,6264",ARCELORMIT.
165,05/04/2022,"28,4850","29,6000",793.276,"22.762.768,27","28,4850","29,5900","28,2250","28,6946",ARCELORMIT.
166,06/04/2022,"28,0100","28,4850",400.151,"11.212.712,65","28,0100","28,5000","27,7000","28,0212",ARCELORMIT.
167,07/04/2022,"27,7050","28,0100",396.219,"11.024.706,24","27,7050","28,2600","27,3100","27,8248",ARCELORMIT.
168,08/04/2022,"28,2650","27,7050",342.980,"9.744.242,51","28,2650","28,7800","28,0000","28,4105",ARCELORMIT.
170,09/03/2022,"2,8925","2,6970",83.238.377,"237.388.136,60","2,8925","2,8925","2,7760","2,8565",B.SANTANDER
171,10/03/2022,"2,8530","2,8925",64.306.849,"184.072.187,86","2,8530","2,9220","2,8135","2,8596",B.SANTANDER
172,11/03/2022,"2,8640","2,8530",73.160.623,"211.717.721,72","2,8640","3,0090","2,8200","2,8942",B.SANTANDER
173,14/03/2022,"2,9550","2,8640",58.738.449,"172.736.071,97","2,9550","2,9700","2,8880","2,9430",B.SANTANDER
174,15/03/2022,"2,9830","2,9550",67.756.799,"200.537.035,05","2,9830","3,0110","2,8975","2,9668",B.SANTANDER
175,16/03/2022,"3,1570","2,9830",109.444.234,"340.666.085,96","3,1570","3,1895","3,0335","3,1284",B.SANTANDER
176,17/03/2022,"3,1405","3,1570",122.145.852,"384.505.970,62","3,1405","3,1885","3,0910","3,1333",B.SANTANDER
177,18/03/2022,"3,1200","3,1405",110.995.798,"343.976.447,63","3,1200","3,1495","3,0850","3,1149",B.SANTANDER
178,21/03/2022,"3,1290","3,1200",45.214.548,"142.185.961,57","3,1290","3,1895","3,1000","3,1432",B.SANTANDER
179,22/03/2022,"3,1810","3,1290",51.073.601,"162.100.138,48","3,1810","3,2050","3,1405","3,1788",B.SANTANDER
180,23/03/2022,"3,1305","3,1810",46.068.720,"144.865.908,64","3,1305","3,1965","3,1150","3,1403",B.SANTANDER
181,24/03/2022,"3,0640","3,1305",52.418.686,"161.480.295,19","3,0640","3,1345","3,0530","3,0775",B.SANTANDER
182,25/03/2022,"3,0570","3,0640",39.246.608,"120.124.716,83","3,0570","3,0870","3,0300","3,0608",B.SANTANDER
183,28/03/2022,"3,0800","3,0570",40.083.640,"124.468.381,25","3,0800","3,1535","3,0740","3,1051",B.SANTANDER
184,29/03/2022,"3,2485","3,0800",71.880.085,"230.269.208,60","3,2485","3,2630","3,1140","3,2147",B.SANTANDER
185,30/03/2022,"3,1425","3,2485",48.408.904,"153.023.927,17","3,1425","3,2180","3,1290","3,1611",B.SANTANDER
186,31/03/2022,"3,1000","3,1425",92.897.180,"291.816.392,72","3,1000","3,1995","3,0975","3,1221",B.SANTANDER
187,01/04/2022,"3,1810","3,1000",45.392.618,"144.350.411,02","3,1810","3,2000","3,1360","3,1814",B.SANTANDER
188,04/04/2022,"3,1900","3,1810",43.772.405,"139.256.186,37","3,1900","3,2055","3,1480","3,1792",B.SANTANDER
189,05/04/2022,"3,1400","3,1900",58.770.095,"185.451.729,24","3,1400","3,1905","3,1320","3,1504",B.SANTANDER
190,06/04/2022,"3,0380","3,1400",69.135.494,"211.772.628,53","3,0380","3,1745","3,0100","3,0632",B.SANTANDER
191,07/04/2022,"3,0395","3,0380",53.317.990,"163.488.175,16","3,0395","3,1225","3,0320","3,0647",B.SANTANDER
192,08/04/2022,"3,1180","3,0395",41.792.212,"130.574.112,40","3,1180","3,1470","3,0770","3,1196",B.SANTANDER
194,09/03/2022,"0,6588","0,6062",76.445.928,"49.412.431,15","0,6588","0,6620","0,6220","0,6469",BA.SABADELL
195,10/03/2022,"0,6840","0,6588",86.786.768,"58.323.554,75","0,6840","0,6972","0,6408","0,6720",BA.SABADELL
196,11/03/2022,"0,6958","0,6840",76.527.366,"53.937.252,39","0,6958","0,7262","0,6756","0,7048",BA.SABADELL
197,14/03/2022,"0,7250","0,6958",52.811.546,"38.121.284,55","0,7250","0,7310","0,7028","0,7218",BA.SABADELL
198,15/03/2022,"0,7170","0,7250",42.593.192,"30.612.275,25","0,7170","0,7318","0,7036","0,7187",BA.SABADELL
199,16/03/2022,"0,7646","0,7170",105.234.473,"78.902.244,81","0,7646","0,7754","0,7282","0,7557",BA.SABADELL
200,17/03/2022,"0,7464","0,7646",210.884.219,"161.336.196,82","0,7464","0,7782","0,7316","0,7491",BA.SABADELL
201,18/03/2022,"0,7382","0,7464",60.756.253,"45.022.707,16","0,7382","0,7516","0,7244","0,7380",BA.SABADELL
202,21/03/2022,"0,7366","0,7382",41.171.768,"30.541.581,74","0,7366","0,7560","0,7322","0,7427",BA.SABADELL
203,22/03/2022,"0,7650","0,7366",75.660.764,"57.664.237,84","0,7650","0,7798","0,7412","0,7648",BA.SABADELL
204,23/03/2022,"0,7400","0,7650",98.158.321,"75.124.265,44","0,7400","0,7794","0,7390","0,7506",BA.SABADELL
205,24/03/2022,"0,7388","0,7400",63.105.208,"46.507.628,40","0,7388","0,7494","0,7272","0,7382",BA.SABADELL
206,25/03/2022,"0,7328","0,7388",28.826.197,"21.115.640,78","0,7328","0,7452","0,7212","0,7325",BA.SABADELL
207,28/03/2022,"0,7490","0,7328",66.645.755,"49.774.250,67","0,7490","0,7654","0,7370","0,7540",BA.SABADELL
208,29/03/2022,"0,8016","0,7490",55.519.643,"43.534.960,91","0,8016","0,8040","0,7512","0,7841",BA.SABADELL
209,30/03/2022,"0,7608","0,7716",39.437.355,"30.222.684,88","0,7608","0,7868","0,7530","0,7663",BA.SABADELL
210,31/03/2022,"0,7456","0,7608",157.054.052,"120.911.197,13","0,7456","0,7830","0,7400","0,7583",BA.SABADELL
211,01/04/2022,"0,7514","0,7456",25.621.365,"19.404.153,30","0,7514","0,7718","0,7488","0,7573",BA.SABADELL
212,04/04/2022,"0,7412","0,7514",23.948.952,"17.797.199,43","0,7412","0,7570","0,7384","0,7431",BA.SABADELL
213,05/04/2022,"0,7318","0,7412",152.077.315,"112.767.501,50","0,7318","0,7500","0,7308","0,7381",BA.SABADELL
214,06/04/2022,"0,6966","0,7318",64.895.968,"46.177.784,45","0,6966","0,7414","0,6922","0,7078",BA.SABADELL
215,07/04/2022,"0,7120","0,6966",104.167.142,"74.173.982,95","0,7120","0,7418","0,6854","0,7181",BA.SABADELL
216,08/04/2022,"0,7356","0,7120",45.843.934,"33.679.262,18","0,7356","0,7464","0,7244","0,7365",BA.SABADELL
218,09/03/2022,"4,6800","4,3110",6.300.677,"28.971.106,74","4,6800","4,6800","4,4660","4,6003",BANKINTER
219,10/03/2022,"4,8300","4,6800",6.404.691,"30.626.041,82","4,8300","4,9050","4,6190","4,7818",BANKINTER
220,11/03/2022,"4,9470","4,8300",6.344.049,"31.573.214,67","4,9470","5,1620","4,8490","4,9856",BANKINTER
221,14/03/2022,"5,0460","4,9470",13.538.274,"68.347.263,81","5,0460","5,1160","4,9900","5,0497",BANKINTER
222,15/03/2022,"5,0920","5,0460",3.344.237,"16.841.318,37","5,0920","5,1140","4,8960","5,0359",BANKINTER
223,16/03/2022,"5,3560","5,0920",9.850.444,"52.385.219,24","5,3560","5,5000","5,1860","5,3495",BANKINTER
224,17/03/2022,"5,3540","5,3560",3.480.392,"18.556.009,62","5,3540","5,4360","5,2140","5,3316",BANKINTER
225,18/03/2022,"5,2840","5,3540",4.884.554,"25.741.156,97","5,2840","5,3600","5,2040","5,2766",BANKINTER
226,21/03/2022,"5,2780","5,2840",2.148.670,"11.376.301,29","5,2780","5,3700","5,2200","5,2946",BANKINTER
227,22/03/2022,"5,4980","5,2780",3.849.916,"21.009.349,45","5,4980","5,5180","5,3080","5,4571",BANKINTER
228,23/03/2022,"5,2520","5,4980",9.377.634,"49.756.240,56","5,2520","5,5180","5,2220","5,3087",BANKINTER
229,24/03/2022,"5,1820","5,2520",2.770.653,"14.400.070,90","5,1820","5,3200","5,1400","5,1974",BANKINTER
230,25/03/2022,"5,1640","5,1820",2.257.035,"11.642.395,60","5,1640","5,2160","5,0820","5,1583",BANKINTER
231,28/03/2022,"5,1040","5,1060",11.719.930,"60.285.861,43","5,1040","5,2380","5,0960","5,1548",BANKINTER
232,29/03/2022,"5,4500","5,1040",4.206.500,"22.548.981,51","5,4500","5,4600","5,2060","5,3755",BANKINTER
233,30/03/2022,"5,4100","5,4500",2.633.610,"14.258.452,08","5,4100","5,4700","5,3600","5,4138",BANKINTER
234,31/03/2022,"5,3240","5,4100",4.168.664,"22.477.992,68","5,3240","5,5020","5,3120","5,3884",BANKINTER
235,01/04/2022,"5,3860","5,3240",1.860.107,"10.055.512,67","5,3860","5,4560","5,3780","5,4059",BANKINTER
236,04/04/2022,"5,3620","5,3860",1.353.182,"7.259.285,01","5,3620","5,4100","5,3300","5,3646",BANKINTER
237,05/04/2022,"5,3720","5,3620",2.331.117,"12.508.622,93","5,3720","5,4000","5,3140","5,3659",BANKINTER
238,06/04/2022,"5,1340","5,3720",3.846.618,"19.890.181,23","5,1340","5,4180","5,0880","5,1708",BANKINTER
239,07/04/2022,"5,2580","5,1340",3.594.878,"18.914.744,07","5,2580","5,3880","5,1020","5,2616",BANKINTER
240,08/04/2022,"5,4220","5,2580",3.346.201,"18.099.148,89","5,4220","5,4740","5,2920","5,4089",BANKINTER
242,09/03/2022,"4,9950","4,5965",42.279.913,"206.942.397,14","4,9950","5,0010","4,7420","4,9083",BBVA
243,10/03/2022,"4,9915","4,9950",30.087.094,"150.157.710,54","4,9915","5,1110","4,8985","4,9908",BBVA
244,11/03/2022,"4,9930","4,9915",29.308.381,"147.822.246,54","4,9930","5,2900","4,9240","5,0395",BBVA
245,14/03/2022,"5,1050","4,9930",25.805.847,"130.881.227,14","5,1050","5,1550","4,9855","5,0926",BBVA
246,15/03/2022,"5,1340","5,1050",20.199.881,"103.167.048,38","5,1340","5,1940","5,0020","5,1093",BBVA
247,16/03/2022,"5,3720","5,1340",30.934.748,"165.468.443,89","5,3720","5,4500","5,2440","5,3519",BBVA
248,17/03/2022,"5,2920","5,3720",24.815.898,"131.662.786,23","5,2920","5,4200","5,2210","5,2949",BBVA
249,18/03/2022,"5,2800","5,2920",36.182.599,"190.845.092,79","5,2800","5,3240","5,2250","5,2751",BBVA
250,21/03/2022,"5,2900","5,2800",13.790.678,"73.151.572,05","5,2900","5,3840","5,2680","5,3044",BBVA
251,22/03/2022,"5,3650","5,2900",20.701.402,"110.861.365,47","5,3650","5,4000","5,3270","5,3639",BBVA
252,23/03/2022,"5,1990","5,3650",26.557.315,"140.297.327,73","5,1990","5,3820","5,1990","5,2417",BBVA
253,24/03/2022,"5,1200","5,1990",58.146.962,"302.168.621,71","5,1200","5,2650","5,1200","5,1504",BBVA
254,25/03/2022,"5,1150","5,1200",18.058.476,"92.130.463,72","5,1150","5,1370","5,0550","5,1018",BBVA
255,28/03/2022,"5,1550","5,1150",33.028.366,"171.065.236,83","5,1550","5,2920","5,1200","5,1977",BBVA
256,29/03/2022,"5,5010","5,1550",35.106.942,"188.935.827,90","5,5010","5,5530","5,2080","5,4473",BBVA
257,30/03/2022,"5,3900","5,5010",16.876.617,"91.105.118,29","5,3900","5,4710","5,3570","5,3983",BBVA
258,31/03/2022,"5,2100","5,3900",59.683.147,"317.815.906,03","5,2100","5,4220","5,2100","5,2493",BBVA
259,01/04/2022,"5,2900","5,2100",35.337.292,"186.411.787,31","5,2900","5,3210","5,2350","5,2840",BBVA
260,04/04/2022,"5,3220","5,2900",80.374.678,"422.681.503,59","5,3220","5,3430","5,2200","5,2913",BBVA
261,05/04/2022,"5,2500","5,3220",42.865.728,"224.764.786,51","5,2500","5,3190","5,2040","5,2481",BBVA
262,06/04/2022,"4,8565","5,0200",39.499.159,"194.633.262,86","4,8565","5,1220","4,8080","4,9164",BBVA
263,07/04/2022,"4,8455","4,8565",61.463.789,"300.618.631,78","4,8455","4,9950","4,8335","4,8982",BBVA
264,08/04/2022,"4,8930","4,8455",24.398.729,"120.202.994,67","4,8930","4,9990","4,8925","4,9265",BBVA
266,09/03/2022,"2,8380","2,6470",41.603.249,"116.530.936,11","2,8380","2,8400","2,7260","2,8057",CAIXABANK
267,10/03/2022,"2,8750","2,8380",29.171.130,"83.981.114,55","2,8750","2,9470","2,7770","2,8789",CAIXABANK
268,11/03/2022,"2,9310","2,8750",29.639.278,"87.667.061,48","2,9310","3,0580","2,8700","2,9578",CAIXABANK
269,14/03/2022,"3,0230","2,9310",13.661.352,"41.187.782,92","3,0230","3,0480","2,9580","3,0149",CAIXABANK
270,15/03/2022,"3,0940","3,0230",20.187.221,"61.757.072,22","3,0940","3,1000","2,9800","3,0592",CAIXABANK
271,16/03/2022,"3,2470","3,0940",26.456.245,"85.254.737,00","3,2470","3,2630","3,1350","3,2225",CAIXABANK
272,17/03/2022,"3,2090","3,2470",18.308.606,"58.800.496,49","3,2090","3,2690","3,1510","3,2117",CAIXABANK
273,18/03/2022,"3,1880","3,2090",30.542.934,"97.122.604,20","3,1880","3,2130","3,1290","3,1792",CAIXABANK
274,21/03/2022,"3,1180","3,1880",13.593.343,"42.708.732,49","3,1180","3,2190","3,1060","3,1419",CAIXABANK
275,22/03/2022,"3,1790","3,1180",14.852.692,"47.048.610,93","3,1790","3,2000","3,1250","3,1745",CAIXABANK
276,23/03/2022,"3,0600","3,1790",17.383.922,"53.561.531,96","3,0600","3,1860","3,0510","3,0811",CAIXABANK
277,24/03/2022,"3,0200","3,0600",17.629.764,"53.344.243,39","3,0200","3,0600","2,9940","3,0235",CAIXABANK
278,25/03/2022,"3,0280","3,0200",11.304.090,"34.160.037,24","3,0280","3,0540","2,9780","3,0219",CAIXABANK
279,28/03/2022,"3,0250","3,0280",11.114.559,"33.840.293,25","3,0250","3,0900","3,0180","3,0447",CAIXABANK
280,29/03/2022,"3,1630","3,0250",16.581.598,"51.841.624,17","3,1630","3,1640","3,0350","3,1265",CAIXABANK
281,30/03/2022,"3,1440","3,1630",11.809.968,"37.031.675,62","3,1440","3,1540","3,1100","3,1363",CAIXABANK
282,31/03/2022,"3,0770","3,1440",16.886.524,"52.360.476,33","3,0770","3,1860","3,0770","3,1007",CAIXABANK
283,01/04/2022,"3,1740","3,0770",16.099.680,"50.720.762,86","3,1740","3,1740","3,0890","3,1606",CAIXABANK
284,04/04/2022,"3,1380","3,1740",48.438.546,"152.262.517,04","3,1380","3,1910","3,1170","3,1401",CAIXABANK
285,05/04/2022,"3,1510","3,1380",15.020.046,"47.299.784,52","3,1510","3,1800","3,1160","3,1520",CAIXABANK
286,06/04/2022,"3,0800","3,1510",19.931.511,"61.861.915,44","3,0800","3,2130","3,0670","3,1037",CAIXABANK
287,07/04/2022,"3,1480","3,0800",18.733.319,"59.751.069,87","3,1480","3,2690","3,0940","3,1896",CAIXABANK
288,08/04/2022,"3,2350","3,1480",11.020.155,"35.537.442,20","3,2350","3,2470","3,1730","3,2248",CAIXABANK
290,09/03/2022,"42,2000","41,5900",2.920.528,"123.304.141,33","42,2000","43,0500","40,7700","42,0080",CELLNEX
291,10/03/2022,"41,4300","42,2000",1.607.771,"67.180.013,08","41,4300","42,6400","40,7300","41,6554",CELLNEX
292,11/03/2022,"41,9500","41,4300",1.518.985,"63.418.848,96","41,9500","42,2300","41,1500","41,7477",CELLNEX
293,14/03/2022,"41,4200","41,9500",1.776.612,"73.768.250,89","41,4200","42,2600","41,3300","41,5135",CELLNEX
294,15/03/2022,"41,7400","41,4200",1.381.146,"57.380.108,05","41,7400","42,1100","40,7700","41,6607",CELLNEX
295,16/03/2022,"41,3100","41,7400",1.668.432,"69.273.804,60","41,3100","42,3500","41,1100","41,4987",CELLNEX
296,17/03/2022,"43,1000","41,3100",3.948.124,"166.720.324,81","43,1000","43,1000","41,4800","42,8886",CELLNEX
297,18/03/2022,"43,9500","43,1000",2.406.282,"105.412.009,00","43,9500","43,9800","42,7100","43,7927",CELLNEX
298,21/03/2022,"42,3400","43,9500",1.633.118,"69.877.357,56","42,3400","43,7900","41,9800","42,4960",CELLNEX
299,22/03/2022,"42,5800","42,3400",1.349.833,"56.978.341,15","42,5800","42,6800","41,4700","42,2114",CELLNEX
300,23/03/2022,"42,3000","42,5800",1.269.614,"53.633.746,71","42,3000","42,9200","41,6600","42,2441",CELLNEX
301,24/03/2022,"42,6400","42,3000",2.682.946,"113.611.847,57","42,6400","42,6400","41,5800","42,3999",CELLNEX
302,25/03/2022,"43,4400","42,6400",1.117.998,"48.395.818,38","43,4400","43,4400","42,3500","43,2879",CELLNEX
303,28/03/2022,"43,6000","43,4400",2.557.447,"111.241.513,16","43,6000","44,0800","43,3300","43,6989",CELLNEX
304,29/03/2022,"44,0300","43,6000",2.057.550,"90.284.495,70","44,0300","44,3100","43,5400","43,9629",CELLNEX
305,30/03/2022,"44,3400","44,0300",959.155,"42.429.899,60","44,3400","44,6500","43,6400","44,2367",CELLNEX
306,31/03/2022,"43,7100","44,3400",1.553.862,"68.285.063,17","43,7100","44,8800","43,7100","43,8930",CELLNEX
307,01/04/2022,"44,0200","43,7100",1.232.560,"54.087.915,73","44,0200","44,1900","43,5400","43,9799",CELLNEX
308,04/04/2022,"44,3600","44,0200",614.084,"27.167.974,03","44,3600","44,4700","43,9200","44,2415",CELLNEX
309,05/04/2022,"46,2100","44,3600",1.480.563,"67.637.034,77","46,2100","46,2100","44,5600","45,8236",CELLNEX
310,06/04/2022,"45,1200","46,2100",1.295.526,"58.723.912,63","45,1200","46,4700","44,6100","45,3282",CELLNEX
311,07/04/2022,"45,2600","45,1200",1.006.892,"45.910.203,87","45,2600","46,5500","45,0300","45,6135",CELLNEX
312,08/04/2022,"44,4700","45,2600",883.993,"39.544.147,49","44,4700","45,7000","44,4100","44,7336",CELLNEX
314,09/03/2022,"20,0600","18,9700",511.484,"10.079.295,55","20,0600","20,0600","19,1100","19,7046",CIE AUTOMOT.
315,10/03/2022,"19,3300","20,0600",366.599,"7.141.935,54","19,3300","20,5000","19,1700","19,4816",CIE AUTOMOT.
316,11/03/2022,"19,5500","19,3300",378.145,"7.469.479,14","19,5500","20,1400","19,1700","19,7529",CIE AUTOMOT.
317,14/03/2022,"19,6800","19,5500",282.688,"5.600.353,30","19,6800","20,1200","19,5600","19,8111",CIE AUTOMOT.
318,15/03/2022,"19,9100","19,6800",235.619,"4.627.299,14","19,9100","20,0200","19,0600","19,6389",CIE AUTOMOT.
319,16/03/2022,"20,8600","19,9100",242.603,"5.032.330,50","20,8600","21,1200","20,2000","20,7431",CIE AUTOMOT.
320,17/03/2022,"20,9200","20,8600",385.963,"8.064.032,30","20,9200","21,3600","20,5000","20,8933",CIE AUTOMOT.
321,18/03/2022,"20,7000","20,9200",453.592,"9.336.430,84","20,7000","21,1000","20,3200","20,5816",CIE AUTOMOT.
322,21/03/2022,"20,8200","20,7000",304.351,"6.332.585,51","20,8200","21,0200","20,5400","20,8031",CIE AUTOMOT.
323,22/03/2022,"21,2200","20,8200",325.454,"6.843.641,73","21,2200","21,2200","20,7000","21,0246",CIE AUTOMOT.
324,23/03/2022,"20,6000","21,2200",374.194,"7.772.606,21","20,6000","21,4200","20,5400","20,7576",CIE AUTOMOT.
325,24/03/2022,"20,3400","20,6000",263.770,"5.361.696,53","20,3400","20,6000","20,1400","20,3273",CIE AUTOMOT.
326,25/03/2022,"20,0800","20,3400",252.437,"5.102.905,70","20,0800","20,4200","20,0000","20,2077",CIE AUTOMOT.
327,28/03/2022,"20,0000","20,0800",276.113,"5.594.974,59","20,0000","20,5400","20,0000","20,2612",CIE AUTOMOT.
328,29/03/2022,"21,4200","20,0000",393.235,"8.218.973,40","21,4200","21,4200","20,1200","20,9009",CIE AUTOMOT.
329,30/03/2022,"21,0800","21,4200",324.464,"6.874.701,84","21,0800","21,5800","20,9400","21,1879",CIE AUTOMOT.
330,31/03/2022,"20,6600","21,0800",296.398,"6.185.748,26","20,6600","21,1800","20,6600","20,8697",CIE AUTOMOT.
331,01/04/2022,"20,5000","20,6600",344.451,"7.093.032,48","20,5000","20,8600","20,5000","20,6268",CIE AUTOMOT.
332,04/04/2022,"20,6000","20,5000",173.243,"3.552.620,80","20,6000","20,6200","20,2600","20,5066",CIE AUTOMOT.
333,05/04/2022,"19,9100","20,6000",341.968,"6.890.775,14","19,9100","20,8600","19,9100","20,1504",CIE AUTOMOT.
334,06/04/2022,"19,4500","19,9100",295.604,"5.778.571,47","19,4500","20,1000","19,2200","19,5484",CIE AUTOMOT.
335,07/04/2022,"19,2900","19,4500",210.952,"4.109.859,09","19,2900","19,8700","19,2900","19,4824",CIE AUTOMOT.
336,08/04/2022,"19,4800","19,2900",296.372,"5.781.111,11","19,4800","19,8000","19,3000","19,5063",CIE AUTOMOT.
338,09/03/2022,"20,1200","19,8350",2.569.749,"51.642.996,29","20,1200","20,4600","19,7700","20,0965",ENAGAS
339,10/03/2022,"20,0300","20,1200",2.326.580,"46.750.264,58","20,0300","20,4300","19,7800","20,0742",ENAGAS
340,11/03/2022,"20,0000","20,0300",1.510.795,"30.457.757,12","20,0000","20,4900","19,9500","20,1601",ENAGAS
341,14/03/2022,"19,6950","20,0000",937.031,"18.520.850,46","19,6950","20,1800","19,6300","19,7655",ENAGAS
342,15/03/2022,"19,8200","19,6950",852.910,"16.868.020,80","19,8200","19,8850","19,6100","19,7770",ENAGAS
343,16/03/2022,"19,5750","19,8200",997.170,"19.570.713,15","19,5750","19,9900","19,5400","19,6263",ENAGAS
344,17/03/2022,"20,0000","19,5750",1.054.059,"20.977.909,82","20,0000","20,0600","19,5300","19,9020",ENAGAS
345,18/03/2022,"20,0800","20,0000",2.725.362,"54.568.671,31","20,0800","20,0800","19,6750","20,0229",ENAGAS
346,21/03/2022,"20,2600","20,0800",897.445,"18.156.649,53","20,2600","20,3600","20,0100","20,2315",ENAGAS
347,22/03/2022,"19,9900","20,2600",1.102.627,"21.998.720,32","19,9900","20,3100","19,7050","19,9056",ENAGAS
348,23/03/2022,"19,7250","19,9900",1.144.817,"22.795.025,06","19,7250","20,0400","19,7000","19,7832",ENAGAS
349,24/03/2022,"20,0300","19,7250",717.755,"14.337.990,18","20,0300","20,0800","19,5900","19,9762",ENAGAS
350,25/03/2022,"20,3100","20,0300",948.490,"19.167.905,68","20,3100","20,3100","19,9950","20,2089",ENAGAS
351,28/03/2022,"20,2800","20,3100",1.343.266,"27.335.765,76","20,2800","20,5800","20,1500","20,3354",ENAGAS
352,29/03/2022,"19,7700","20,2800",1.205.706,"23.895.704,61","19,7700","20,4000","19,6550","19,8188",ENAGAS
353,30/03/2022,"19,9400","19,7700",907.931,"18.010.176,12","19,9400","19,9400","19,6050","19,8365",ENAGAS
354,31/03/2022,"20,1500","19,9400",946.715,"19.019.498,70","20,1500","20,1900","19,8050","20,0900",ENAGAS
355,01/04/2022,"20,2100","20,1500",964.432,"19.430.332,01","20,2100","20,2300","19,9250","20,1493",ENAGAS
356,04/04/2022,"20,2100","20,2100",519.989,"10.507.584,89","20,2100","20,3300","20,1200","20,2073",ENAGAS
357,05/04/2022,"20,4400","20,2100",933.572,"18.924.922,35","20,4400","20,4400","19,8500","20,2715",ENAGAS
358,06/04/2022,"20,5800","20,4400",1.181.031,"24.309.526,46","20,5800","20,7000","20,3600","20,5833",ENAGAS
359,07/04/2022,"20,7900","20,5800",1.088.139,"22.601.919,52","20,7900","20,8500","20,5900","20,7712",ENAGAS
360,08/04/2022,"21,1300","20,7900",1.022.174,"21.524.501,25","21,1300","21,1500","20,7800","21,0576",ENAGAS
362,09/03/2022,"18,7750","18,0850",2.129.778,"39.479.294,06","18,7750","18,7750","18,2350","18,5575",ENDESA
363,10/03/2022,"18,4350","18,7750",1.268.539,"23.411.571,23","18,4350","18,8400","18,1500","18,4555",ENDESA
364,11/03/2022,"18,4200","18,4350",1.370.917,"25.305.119,64","18,4200","18,7600","18,2100","18,4585",ENDESA
365,14/03/2022,"18,5150","18,4200",719.338,"13.343.209,75","18,5150","18,7300","18,4650","18,5493",ENDESA
366,15/03/2022,"18,7050","18,5150",1.091.398,"20.324.499,74","18,7050","18,7450","18,2800","18,6224",ENDESA
367,16/03/2022,"18,5050","18,7050",1.770.222,"33.009.417,05","18,5050","18,9500","18,4100","18,5797",ENDESA
368,17/03/2022,"18,5750","18,5050",1.485.621,"27.304.239,16","18,5750","18,5750","17,9000","18,3790",ENDESA
369,18/03/2022,"18,4800","18,5750",2.369.517,"44.002.254,37","18,4800","18,7350","18,4250","18,4945",ENDESA
370,21/03/2022,"18,6250","18,4800",1.159.651,"21.564.476,50","18,6250","18,8450","18,4250","18,6555",ENDESA
371,22/03/2022,"18,7150","18,6250",839.815,"15.615.366,83","18,7150","18,7300","18,2950","18,5938",ENDESA
372,23/03/2022,"18,1700","18,7150",871.943,"15.983.444,30","18,1700","18,8050","18,1700","18,2939",ENDESA
373,24/03/2022,"18,4500","18,1700",1.495.636,"27.385.888,57","18,4500","18,4500","18,1400","18,3702",ENDESA
374,25/03/2022,"18,4200","18,4500",598.811,"11.032.353,28","18,4200","18,5950","18,3100","18,4238",ENDESA
375,28/03/2022,"18,9350","18,4200",873.868,"16.485.384,83","18,9350","18,9900","18,4400","18,8656",ENDESA
376,29/03/2022,"19,1600","18,9350",1.103.494,"21.090.047,10","19,1600","19,2300","18,9150","19,1121",ENDESA
377,30/03/2022,"19,3200","19,1600",1.105.946,"21.298.282,69","19,3200","19,3400","18,9750","19,2580",ENDESA
378,31/03/2022,"19,7750","19,3200",1.981.646,"38.923.985,85","19,7750","19,8500","19,2400","19,7198",ENDESA
379,01/04/2022,"19,6250","19,7750",997.246,"19.574.807,54","19,6250","19,8650","19,4800","19,6285",ENDESA
380,04/04/2022,"19,2450","19,6250",1.536.709,"29.855.463,84","19,2450","19,7550","19,1200","19,2853",ENDESA
381,05/04/2022,"19,7950","19,2450",1.174.149,"23.018.577,47","19,7950","19,8650","18,9450","19,6525",ENDESA
382,06/04/2022,"20,0600","19,7950",938.278,"18.729.944,19","20,0600","20,0600","19,7150","19,9620",ENDESA
383,07/04/2022,"19,8200","20,0600",2.291.805,"45.912.007,94","19,8200","20,3100","19,7900","19,9602",ENDESA
384,08/04/2022,"20,0300","19,8200",1.047.300,"20.938.846,67","20,0300","20,1300","19,8350","19,9932",ENDESA
386,09/03/2022,"24,1800","23,0600",2.541.209,"61.034.333,91","24,1800","24,4100","23,3900","24,1242",FERROVIAL
387,10/03/2022,"23,8200","24,1800",1.273.175,"30.440.107,30","23,8200","24,3800","23,4400","23,8927",FERROVIAL
388,11/03/2022,"24,4000","23,8200",1.139.588,"27.770.970,59","24,4000","24,7100","23,8700","24,3693",FERROVIAL
389,14/03/2022,"24,8600","24,4000",724.027,"18.029.773,81","24,8600","25,1000","24,6000","24,9021",FERROVIAL
390,15/03/2022,"24,8100","24,8600",909.091,"22.495.443,41","24,8100","25,1100","24,4900","24,8179",FERROVIAL
391,16/03/2022,"25,1700","24,8100",1.205.101,"30.404.283,44","25,1700","25,5400","25,1300","25,2416",FERROVIAL
392,17/03/2022,"25,7500","25,1700",940.448,"24.114.125,84","25,7500","25,7500","25,1800","25,6411",FERROVIAL
393,18/03/2022,"25,6400","25,7500",3.222.697,"82.542.077,17","25,6400","25,7800","25,2300","25,5717",FERROVIAL
394,21/03/2022,"25,1200","25,6400",4.494.308,"113.782.691,75","25,1200","25,6800","25,0800","25,2274",FERROVIAL
395,22/03/2022,"25,1400","25,1200",1.000.437,"25.127.014,66","25,1400","25,3400","24,8500","25,1160",FERROVIAL
396,23/03/2022,"24,8700","25,1400",3.480.412,"87.461.867,61","24,8700","25,4400","24,8100","24,9642",FERROVIAL
397,24/03/2022,"25,0600","24,8700",2.562.051,"63.964.101,90","25,0600","25,1400","24,8800","25,0351",FERROVIAL
398,25/03/2022,"24,6100","25,0600",1.162.238,"28.735.924,48","24,6100","25,2000","24,6100","24,7246",FERROVIAL
399,28/03/2022,"24,1800","24,6100",722.211,"17.588.140,74","24,1800","24,9300","24,1800","24,3532",FERROVIAL
400,29/03/2022,"24,5900","24,1800",936.605,"22.991.418,38","24,5900","24,8100","24,1500","24,5476",FERROVIAL
401,30/03/2022,"24,0800","24,5900",1.275.847,"30.840.027,84","24,0800","24,5700","23,9200","24,1722",FERROVIAL
402,31/03/2022,"24,1300","24,0800",1.234.376,"29.777.517,30","24,1300","24,4100","23,8700","24,1235",FERROVIAL
403,01/04/2022,"24,3800","24,1300",653.875,"15.980.440,97","24,3800","24,7500","24,1000","24,4396",FERROVIAL
404,04/04/2022,"24,2200","24,3800",683.134,"16.556.615,17","24,2200","24,5300","24,0800","24,2363",FERROVIAL
405,05/04/2022,"24,0400","24,2200",943.043,"22.724.689,54","24,0400","24,3700","23,9300","24,0968",FERROVIAL
406,06/04/2022,"23,7500","24,0400",799.026,"19.009.205,20","23,7500","24,2700","23,4700","23,7905",FERROVIAL
407,07/04/2022,"24,3400","23,7500",1.279.924,"31.300.622,42","24,3400","25,0300","23,8300","24,4551",FERROVIAL
408,08/04/2022,"24,3700","24,3400",836.826,"20.403.011,36","24,3700","24,7800","24,0600","24,3814",FERROVIAL
410,09/03/2022,"24,8000","23,1000",606.565,"14.742.632,30","24,8000","24,9000","23,3000","24,3051",FLUIDRA
411,10/03/2022,"24,9500","24,8000",857.742,"21.744.980,90","24,9500","25,7000","24,8000","25,2546",FLUIDRA
412,11/03/2022,"25,1500","24,9500",405.674,"10.202.585,15","25,1500","25,7000","24,5500","25,1497",FLUIDRA
413,14/03/2022,"25,7500","25,1500",591.299,"15.201.069,15","25,7500","26,1500","25,4000","25,7705",FLUIDRA
414,15/03/2022,"25,4500","25,7500",358.935,"9.147.716,45","25,4500","26,2000","25,0000","25,4857",FLUIDRA
415,16/03/2022,"27,5000","25,4500",642.126,"17.422.959,80","27,5000","27,7000","25,8500","27,1332",FLUIDRA
416,17/03/2022,"27,5000","27,5000",608.974,"16.705.892,10","27,5000","27,8500","27,0000","27,4066",FLUIDRA
417,18/03/2022,"28,3500","27,5000",656.215,"18.407.824,15","28,3500","28,3500","27,3000","28,0515",FLUIDRA
418,21/03/2022,"27,7500","28,3500",367.111,"10.212.181,60","27,7500","28,6000","27,5500","27,8177",FLUIDRA
419,22/03/2022,"27,7000","27,7500",362.086,"10.008.059,60","27,7000","27,8000","27,4500","27,6400",FLUIDRA
420,23/03/2022,"27,4000","27,7000",945.421,"26.112.864,85","27,4000","28,2500","27,3500","27,6608",FLUIDRA
421,24/03/2022,"26,8500","27,4000",337.387,"9.092.178,60","26,8500","27,5000","26,5500","26,9597",FLUIDRA
422,25/03/2022,"26,5000","26,8500",444.996,"11.895.178,02","26,5000","27,4000","26,4000","26,7272",FLUIDRA
423,28/03/2022,"26,5000","26,5000",260.956,"6.958.530,02","26,5000","27,0500","26,5000","26,6897",FLUIDRA
424,29/03/2022,"27,8000","26,5000",302.745,"8.383.324,85","27,8000","28,0000","26,7500","27,6910",FLUIDRA
425,30/03/2022,"26,9000","27,8000",391.899,"10.581.871,25","26,9000","27,6000","26,6500","27,0015",FLUIDRA
426,31/03/2022,"26,3000","26,9000",422.200,"11.193.514,30","26,3000","27,0500","26,3000","26,5124",FLUIDRA
427,01/04/2022,"25,2000","26,3000",536.818,"13.635.731,98","25,2000","26,1600","25,1000","25,4010",FLUIDRA
428,04/04/2022,"25,7400","25,2000",278.194,"7.060.446,14","25,7400","25,7800","24,8800","25,3796",FLUIDRA
429,05/04/2022,"26,3000","25,7400",290.170,"7.547.104,98","26,3000","26,3400","25,4800","26,0093",FLUIDRA
430,06/04/2022,"25,5000","26,3000",351.466,"9.083.686,98","25,5000","26,5200","25,3200","25,8451",FLUIDRA
431,07/04/2022,"25,2200","25,5000",394.120,"9.888.978,44","25,2200","25,4000","24,5000","25,0585",FLUIDRA
432,08/04/2022,"25,9800","25,2200",983.973,"25.379.643,14","25,9800","26,0600","25,6000","25,8946",FLUIDRA
434,09/03/2022,"16,5550","15,8000",1.175.928,"19.204.235,93","16,5550","16,5550","15,9050","16,3311",GRIFOLS CL.A
435,10/03/2022,"16,1850","16,5550",666.723,"10.840.730,94","16,1850","16,6800","15,9800","16,2597",GRIFOLS CL.A
436,11/03/2022,"16,2600","16,1850",796.252,"12.949.807,13","16,2600","16,4650","16,0750","16,2634",GRIFOLS CL.A
437,14/03/2022,"16,2050","16,2600",1.030.068,"16.666.676,61","16,2050","16,3200","16,0150","16,1802",GRIFOLS CL.A
438,15/03/2022,"15,1600","16,2050",1.481.959,"22.772.769,89","15,1600","16,1650","15,1100","15,3667",GRIFOLS CL.A
439,16/03/2022,"15,4650","15,1600",1.312.171,"20.181.133,58","15,4650","15,6500","15,0750","15,3800",GRIFOLS CL.A
440,17/03/2022,"15,5300","15,4650",909.331,"14.159.220,78","15,5300","15,7450","15,4650","15,5710",GRIFOLS CL.A
441,18/03/2022,"16,0650","15,5300",2.251.795,"36.071.579,42","16,0650","16,1000","15,5500","15,9596",GRIFOLS CL.A
442,21/03/2022,"15,7650","16,0650",923.389,"14.624.852,88","15,7650","16,1500","15,7000","15,8382",GRIFOLS CL.A
443,22/03/2022,"16,3900","15,7650",1.292.444,"20.744.979,84","16,3900","16,3900","15,4600","16,0510",GRIFOLS CL.A
444,23/03/2022,"15,8250","16,3900",1.249.505,"20.026.175,75","15,8250","16,8100","15,7100","16,0273",GRIFOLS CL.A
445,24/03/2022,"15,4200","15,8250",1.165.960,"18.120.054,01","15,4200","15,7800","15,4000","15,5409",GRIFOLS CL.A
446,25/03/2022,"15,4850","15,4200",1.161.683,"18.184.618,71","15,4850","15,9600","15,3500","15,6105",GRIFOLS CL.A
447,28/03/2022,"15,3200","15,4850",702.827,"10.842.186,34","15,3200","15,7300","15,2650","15,4245",GRIFOLS CL.A
448,29/03/2022,"15,6250","15,3200",847.625,"13.191.015,80","15,6250","15,6750","15,3950","15,5623",GRIFOLS CL.A
449,30/03/2022,"16,5050","15,6250",2.746.738,"44.933.326,74","16,5050","16,9500","15,5000","16,3588",GRIFOLS CL.A
450,31/03/2022,"16,4800","16,5050",2.018.814,"33.316.179,41","16,4800","16,7900","16,2100","16,5028",GRIFOLS CL.A
451,01/04/2022,"16,4650","16,4800",1.202.013,"19.931.894,48","16,4650","16,8950","16,4350","16,5821",GRIFOLS CL.A
452,04/04/2022,"17,3650","16,4650",1.465.205,"25.130.749,32","17,3650","17,4200","16,6400","17,1479",GRIFOLS CL.A
453,05/04/2022,"17,5050","17,3650",1.064.370,"18.606.922,37","17,5050","17,6400","17,2600","17,4816",GRIFOLS CL.A
454,06/04/2022,"16,8450","17,5050",1.148.946,"19.515.750,30","16,8450","17,4300","16,8450","16,9858",GRIFOLS CL.A
455,07/04/2022,"16,4750","16,8450",1.039.725,"17.253.070,68","16,4750","17,0150","16,4250","16,5888",GRIFOLS CL.A
456,08/04/2022,"16,2750","16,4750",1.017.963,"16.582.430,76","16,2750","16,6200","16,1150","16,2898",GRIFOLS CL.A
458,09/03/2022,"1,6005","1,4595",48.310.294,"75.995.018,38","1,6005","1,6265","1,5060","1,5731",IAG
459,10/03/2022,"1,5735","1,6005",42.359.076,"66.676.249,24","1,5735","1,6350","1,5340","1,5750",IAG
460,11/03/2022,"1,5930","1,5735",46.817.340,"75.979.828,64","1,5930","1,6705","1,5770","1,6229",IAG
461,14/03/2022,"1,6280","1,5930",26.715.747,"43.802.133,63","1,6280","1,6680","1,6110","1,6396",IAG
462,15/03/2022,"1,6460","1,6280",31.661.955,"51.735.694,07","1,6460","1,6830","1,5725","1,6340",IAG
463,16/03/2022,"1,7230","1,6460",38.435.288,"65.684.449,50","1,7230","1,7400","1,6770","1,7090",IAG
464,17/03/2022,"1,6760","1,7230",29.746.578,"50.765.129,65","1,6760","1,7670","1,6605","1,7066",IAG
465,18/03/2022,"1,6880","1,6760",20.311.228,"34.299.845,08","1,6880","1,6990","1,6360","1,6725",IAG
466,21/03/2022,"1,6765","1,6880",13.696.049,"22.931.218,34","1,6765","1,6960","1,6535","1,6743",IAG
467,22/03/2022,"1,7090","1,6765",12.272.736,"20.918.552,04","1,7090","1,7300","1,6730","1,7045",IAG
468,23/03/2022,"1,6605","1,7090",15.200.237,"25.464.678,15","1,6605","1,7300","1,6555","1,6753",IAG
469,24/03/2022,"1,6305","1,6605",18.958.817,"30.874.826,57","1,6305","1,6675","1,6090","1,6285",IAG
470,25/03/2022,"1,6520","1,6305",12.692.969,"20.793.672,90","1,6520","1,6570","1,6140","1,6382",IAG
471,28/03/2022,"1,6715","1,6520",18.145.616,"30.527.207,06","1,6715","1,7030","1,6480","1,6823",IAG
472,29/03/2022,"1,7660","1,6715",33.210.115,"57.773.563,46","1,7660","1,7790","1,6870","1,7396",IAG
473,30/03/2022,"1,7080","1,7660",20.218.417,"34.828.257,75","1,7080","1,7680","1,6990","1,7226",IAG
474,31/03/2022,"1,6825","1,7080",15.191.291,"25.878.027,89","1,6825","1,7340","1,6795","1,7035",IAG
475,01/04/2022,"1,6820","1,6825",11.941.458,"20.286.866,86","1,6820","1,7265","1,6725","1,6989",IAG
476,04/04/2022,"1,6850","1,6820",13.294.894,"22.188.592,79","1,6850","1,7035","1,6510","1,6690",IAG
477,05/04/2022,"1,6805","1,6850",21.088.255,"35.651.963,10","1,6805","1,7120","1,6680","1,6896",IAG
478,06/04/2022,"1,6185","1,6805",32.356.022,"52.684.838,15","1,6185","1,7005","1,5865","1,6281",IAG
479,07/04/2022,"1,5900","1,6185",15.361.343,"24.915.895,95","1,5900","1,6580","1,5885","1,6220",IAG
480,08/04/2022,"1,5975","1,5900",11.202.202,"18.034.112,73","1,5975","1,6360","1,5900","1,6099",IAG
482,09/03/2022,"9,8000","9,4400",22.519.452,"218.729.394,25","9,8000","9,8000","9,4820","9,7161",IBERDROLA
483,10/03/2022,"9,6700","9,8000",24.127.765,"233.589.671,64","9,6700","9,8160","9,4380","9,6570",IBERDROLA
484,11/03/2022,"9,8240","9,6700",15.528.580,"152.582.016,63","9,8240","10,0200","9,6560","9,8277",IBERDROLA
485,14/03/2022,"9,8600","9,8240",13.353.805,"132.143.062,12","9,8600","10,0550","9,8200","9,9002",IBERDROLA
486,15/03/2022,"9,8500","9,8600",23.915.871,"234.480.965,41","9,8500","9,9280","9,6520","9,8243",IBERDROLA
487,16/03/2022,"9,7740","9,8500",20.055.500,"197.003.704,01","9,7740","10,0150","9,6880","9,7980",IBERDROLA
488,17/03/2022,"9,8060","9,7740",13.993.124,"136.369.473,49","9,8060","9,8140","9,5680","9,7515",IBERDROLA
489,18/03/2022,"9,7500","9,8060",27.526.442,"271.190.540,18","9,7500","9,8780","9,6580","9,7485",IBERDROLA
490,21/03/2022,"9,7560","9,7500",21.289.854,"207.698.705,14","9,7560","9,8400","9,6860","9,7646",IBERDROLA
491,22/03/2022,"9,8220","9,7560",11.086.845,"108.225.951,50","9,8220","9,8240","9,5720","9,7586",IBERDROLA
492,23/03/2022,"9,4840","9,8220",19.276.885,"185.832.898,95","9,4840","9,8340","9,4840","9,5458",IBERDROLA
493,24/03/2022,"9,5440","9,4840",22.204.392,"211.699.247,95","9,5440","9,6280","9,4360","9,5327",IBERDROLA
494,25/03/2022,"9,5360","9,5440",6.556.492,"62.580.262,54","9,5360","9,6300","9,4800","9,5448",IBERDROLA
495,28/03/2022,"9,7520","9,5360",12.508.626,"121.029.272,88","9,7520","9,8080","9,5580","9,7418",IBERDROLA
496,29/03/2022,"9,9820","9,7520",23.662.983,"233.844.175,04","9,9820","10,0400","9,7620","9,9440",IBERDROLA
497,30/03/2022,"9,9380","9,9820",8.892.934,"88.193.545,21","9,9380","9,9840","9,8180","9,9195",IBERDROLA
498,31/03/2022,"9,9200","9,9380",10.870.374,"108.004.101,01","9,9200","10,0450","9,8780","9,9350",IBERDROLA
499,01/04/2022,"9,9140","9,9200",16.055.040,"159.322.881,97","9,9140","9,9900","9,8420","9,9190",IBERDROLA
500,04/04/2022,"10,0300","9,9140",9.241.457,"92.106.555,66","10,0300","10,0300","9,8540","9,9905",IBERDROLA
501,05/04/2022,"10,4850","10,0300",20.524.418,"211.414.535,70","10,4850","10,4900","9,9660","10,3813",IBERDROLA
502,06/04/2022,"10,7450","10,4850",18.527.464,"197.664.460,52","10,7450","10,7450","10,4300","10,6724",IBERDROLA
503,07/04/2022,"10,4950","10,7450",17.587.247,"185.180.544,43","10,4950","10,8500","10,4850","10,6017",IBERDROLA
504,08/04/2022,"10,8150","10,4950",12.445.451,"133.948.288,76","10,8150","10,8250","10,5700","10,7629",IBERDROLA
506,09/03/2022,"22,6400","21,2000",10.165.581,"226.673.026,55","22,6400","22,8700","21,7700","22,3968",INDITEX
507,10/03/2022,"21,5700","22,6400",6.637.187,"145.556.101,97","21,5700","22,5800","21,2500","21,7143",INDITEX
508,11/03/2022,"21,7600","21,5700",4.131.357,"90.710.796,96","21,7600","22,8700","21,6200","21,9608",INDITEX
509,14/03/2022,"22,2300","21,7600",4.823.636,"107.908.809,52","22,2300","22,9000","22,0000","22,4179",INDITEX
510,15/03/2022,"21,9100","22,2300",5.128.259,"112.832.435,99","21,9100","22,5100","21,7000","22,0116",INDITEX
511,16/03/2022,"21,3700","21,9100",9.652.729,"209.454.183,12","21,3700","22,3100","21,3600","21,6305",INDITEX
512,17/03/2022,"21,0500","21,3700",6.783.389,"142.770.520,44","21,0500","21,7900","20,6500","21,0471",INDITEX
513,18/03/2022,"20,8800","21,0500",7.439.450,"165.421.186,78","20,8800","21,3400","20,7100","20,9107",INDITEX
514,21/03/2022,"21,0100","20,8800",8.518.286,"180.083.972,17","21,0100","21,3100","20,9400","21,0972",INDITEX
515,22/03/2022,"20,9600","21,0100",4.633.678,"97.249.970,01","20,9600","21,1600","20,8100","20,9691",INDITEX
516,23/03/2022,"20,9900","20,9600",4.886.494,"102.830.808,59","20,9900","21,4300","20,8800","21,0243",INDITEX
517,24/03/2022,"20,6500","20,9900",4.987.465,"103.757.609,60","20,6500","21,0900","20,5700","20,7346",INDITEX
518,25/03/2022,"20,8000","20,6500",4.689.671,"97.433.439,99","20,8000","20,9700","20,4600","20,7777",INDITEX
519,28/03/2022,"20,5200","20,8000",4.882.088,"101.500.159,77","20,5200","21,2100","20,5200","20,7324",INDITEX
520,29/03/2022,"21,2800","20,5200",8.073.474,"169.682.328,44","21,2800","21,4300","20,6500","21,1031",INDITEX
521,30/03/2022,"20,8200","21,2800",3.137.100,"65.623.539,31","20,8200","21,3800","20,7000","20,9186",INDITEX
522,31/03/2022,"19,7800","20,8200",9.756.745,"196.046.964,11","19,7800","20,7000","19,7800","20,0091",INDITEX
523,01/04/2022,"20,1100","19,7800",5.305.528,"106.362.187,86","20,1100","20,3700","19,6400","20,0474",INDITEX
524,04/04/2022,"19,8800","20,1100",6.475.929,"127.994.538,98","19,8800","20,1300","19,4300","19,7659",INDITEX
525,05/04/2022,"20,0300","19,8800",9.557.389,"190.661.940,56","20,0300","20,2200","19,7650","20,0227",INDITEX
526,06/04/2022,"19,7400","20,0300",3.584.908,"70.912.754,61","19,7400","20,2600","19,5300","19,7809",INDITEX
527,07/04/2022,"20,0000","19,7400",4.533.974,"90.578.484,81","20,0000","20,1900","19,8200","19,9888",INDITEX
528,08/04/2022,"20,1600","20,0000",6.132.111,"123.580.335,78","20,1600","20,2600","19,8700","20,0975",INDITEX
530,09/03/2022,"8,8550","8,2100",1.194.425,"10.427.733,87","8,8550","8,8650","8,3750","8,7303",INDRA A
531,10/03/2022,"8,8250","8,8550",986.757,"8.837.827,39","8,8250","9,2100","8,7550","8,9564",INDRA A
532,11/03/2022,"9,0400","8,8250",844.986,"7.674.074,38","9,0400","9,2750","8,8600","9,0819",INDRA A
533,14/03/2022,"9,5700","9,0400",1.021.669,"9.625.346,92","9,5700","9,6300","9,0600","9,4212",INDRA A
534,15/03/2022,"9,6250","9,5700",799.166,"7.696.202,32","9,6250","9,7950","9,4500","9,6303",INDRA A
535,16/03/2022,"9,9750","9,6250",1.009.709,"9.963.456,38","9,9750","9,9750","9,7350","9,8883",INDRA A
536,17/03/2022,"9,9250","9,9750",1.183.732,"11.721.067,23","9,9250","10,1100","9,7350","9,9040",INDRA A
537,18/03/2022,"10,1700","9,9250",610.422,"6.077.665,71","10,1700","10,1700","9,7950","9,9872",INDRA A
538,21/03/2022,"10,0500","10,1700",732.841,"7.391.303,58","10,0500","10,2000","10,0000","10,0909",INDRA A
539,22/03/2022,"10,2400","10,0500",1.053.652,"10.706.731,04","10,2400","10,2600","10,0100","10,1625",INDRA A
540,23/03/2022,"9,9850","10,2400",695.631,"6.993.595,42","9,9850","10,3500","9,8550","10,0536",INDRA A
541,24/03/2022,"9,9850","9,9850",387.487,"3.861.875,57","9,9850","10,0300","9,8000","9,9664",INDRA A
542,25/03/2022,"10,2800","9,9850",806.344,"8.307.553,73","10,2800","10,4600","10,1100","10,3056",INDRA A
543,28/03/2022,"9,9800","10,2800",1.178.301,"11.720.970,61","9,9800","10,2100","9,6250","9,9473",INDRA A
544,29/03/2022,"10,2300","9,9800",751.632,"7.673.551,83","10,2300","10,3300","10,0100","10,2092",INDRA A
545,30/03/2022,"10,2600","10,2300",756.792,"7.759.444,61","10,2600","10,3300","10,0900","10,2531",INDRA A
546,31/03/2022,"10,1000","10,2600",1.153.042,"11.839.168,82","10,1000","10,4100","10,1000","10,2251",INDRA A
547,01/04/2022,"9,5000","10,1000",2.141.548,"20.674.429,58","9,5000","10,1800","9,4750","9,6540",INDRA A
548,04/04/2022,"9,6350","9,5000",855.119,"8.182.042,78","9,6350","9,7300","9,4450","9,5683",INDRA A
549,05/04/2022,"9,5100","9,6350",2.716.165,"26.097.465,30","9,5100","9,6700","9,4400","9,5697",INDRA A
550,06/04/2022,"9,2450","9,5100",959.070,"8.951.768,36","9,2450","9,6250","9,2250","9,3338",INDRA A
551,07/04/2022,"9,2350","9,2450",847.068,"7.881.498,27","9,2350","9,3800","9,2200","9,2935",INDRA A
552,08/04/2022,"9,2750","9,2350",510.767,"4.732.582,04","9,2750","9,3500","9,1550","9,2656",INDRA A
554,09/03/2022,"7,6500","7,3250",1.606.335,"12.167.692,08","7,6500","7,6600","7,3500","7,5748",INM.COLONIAL
555,10/03/2022,"7,7000","7,6500",1.075.833,"8.266.043,71","7,7000","7,8100","7,5200","7,6834",INM.COLONIAL
556,11/03/2022,"7,9050","7,7000",919.874,"7.232.571,89","7,9050","7,9650","7,7000","7,8626",INM.COLONIAL
557,14/03/2022,"7,9950","7,9050",740.261,"5.909.875,72","7,9950","8,1150","7,8600","7,9835",INM.COLONIAL
558,15/03/2022,"8,0300","7,9950",1.107.713,"8.856.039,78","8,0300","8,0900","7,9300","8,0153",INM.COLONIAL
559,16/03/2022,"8,1450","8,0300",1.253.462,"10.230.055,80","8,1450","8,2850","8,0550","8,1614",INM.COLONIAL
560,17/03/2022,"8,1600","8,1450",816.358,"6.655.338,92","8,1600","8,2100","8,0000","8,1525",INM.COLONIAL
561,18/03/2022,"8,1650","8,1600",1.386.425,"11.307.354,26","8,1650","8,3000","8,0100","8,1558",INM.COLONIAL
562,21/03/2022,"8,0900","8,1650",596.738,"4.843.592,89","8,0900","8,2000","8,0700","8,1168",INM.COLONIAL
563,22/03/2022,"8,2600","8,0900",574.480,"4.727.567,53","8,2600","8,2750","8,0700","8,2293",INM.COLONIAL
564,23/03/2022,"7,9700","8,2600",1.780.429,"14.486.195,33","7,9700","8,3250","7,9150","8,1364",INM.COLONIAL
565,24/03/2022,"8,0700","7,9700",612.782,"4.911.656,20","8,0700","8,0700","7,9100","8,0153",INM.COLONIAL
566,25/03/2022,"8,2500","8,0700",931.363,"7.662.796,74","8,2500","8,2800","8,0700","8,2275",INM.COLONIAL
567,28/03/2022,"8,3000","8,2500",661.613,"5.478.796,13","8,3000","8,3050","8,2300","8,2810",INM.COLONIAL
568,29/03/2022,"8,3100","8,3000",1.174.385,"9.684.482,99","8,3100","8,3300","8,1250","8,2464",INM.COLONIAL
569,30/03/2022,"8,3250","8,3100",1.148.888,"9.563.612,21","8,3250","8,3850","8,2300","8,3242",INM.COLONIAL
570,31/03/2022,"8,2400","8,3250",808.257,"6.669.972,26","8,2400","8,3900","8,2000","8,2523",INM.COLONIAL
571,01/04/2022,"8,2600","8,2400",1.330.991,"11.013.654,16","8,2600","8,3600","8,1900","8,2748",INM.COLONIAL
572,04/04/2022,"8,2850","8,2600",1.256.012,"10.378.700,05","8,2850","8,3350","8,1950","8,2632",INM.COLONIAL
573,05/04/2022,"8,3600","8,2850",951.483,"7.920.242,01","8,3600","8,3750","8,2400","8,3241",INM.COLONIAL
574,06/04/2022,"8,0800","8,3600",1.062.754,"8.679.876,84","8,0800","8,3500","8,0300","8,1388",INM.COLONIAL
575,07/04/2022,"8,2300","8,0800",1.030.843,"8.469.852,51","8,2300","8,3200","7,9950","8,2164",INM.COLONIAL
576,08/04/2022,"8,2500","8,2300",848.962,"7.032.407,59","8,2500","8,4850","8,2250","8,2835",INM.COLONIAL
578,09/03/2022,"1,7415","1,6720",6.589.729,"11.461.711,79","1,7415","1,7570","1,7180","1,7393",MAPFRE
579,10/03/2022,"1,7535","1,7415",3.928.877,"6.874.717,81","1,7535","1,7705","1,7190","1,7495",MAPFRE
580,11/03/2022,"1,7700","1,7535",7.039.291,"12.608.027,73","1,7700","1,8260","1,7685","1,7911",MAPFRE
581,14/03/2022,"1,8070","1,7700",4.979.838,"9.012.968,97","1,8070","1,8225","1,7870","1,8099",MAPFRE
582,15/03/2022,"1,8060","1,8070",4.679.182,"8.401.088,56","1,8060","1,8125","1,7660","1,7954",MAPFRE
583,16/03/2022,"1,8570","1,8060",3.933.283,"7.262.156,48","1,8570","1,8575","1,8295","1,8463",MAPFRE
584,17/03/2022,"1,8535","1,8570",3.174.356,"5.886.085,92","1,8535","1,8740","1,8400","1,8543",MAPFRE
585,18/03/2022,"1,8535","1,8535",4.345.697,"8.039.068,13","1,8535","1,8625","1,8370","1,8498",MAPFRE
586,21/03/2022,"1,8665","1,8535",2.232.664,"4.172.152,92","1,8665","1,8800","1,8500","1,8687",MAPFRE
587,22/03/2022,"1,8860","1,8665",6.057.533,"11.425.328,49","1,8860","1,9050","1,8700","1,8889",MAPFRE
588,23/03/2022,"1,8580","1,8860",6.923.310,"12.982.025,95","1,8580","1,8970","1,8580","1,8676",MAPFRE
589,24/03/2022,"1,8640","1,8580",1.687.783,"3.148.864,25","1,8640","1,8760","1,8575","1,8657",MAPFRE
590,25/03/2022,"1,8830","1,8640",1.967.704,"3.688.937,12","1,8830","1,8855","1,8510","1,8747",MAPFRE
591,28/03/2022,"1,8900","1,8830",3.110.090,"5.919.685,11","1,8900","1,9290","1,8800","1,9034",MAPFRE
592,29/03/2022,"1,9300","1,8900",2.866.547,"5.512.044,71","1,9300","1,9300","1,9000","1,9229",MAPFRE
593,30/03/2022,"1,9195","1,9300",2.257.842,"4.329.015,32","1,9195","1,9300","1,9070","1,9173",MAPFRE
594,31/03/2022,"1,9000","1,9195",2.661.490,"5.083.872,84","1,9000","1,9300","1,9000","1,9102",MAPFRE
595,01/04/2022,"1,9070","1,9000",5.891.072,"11.265.305,27","1,9070","1,9200","1,9020","1,9092",MAPFRE
596,04/04/2022,"1,8590","1,9070",3.095.205,"5.802.226,03","1,8590","1,9160","1,8550","1,8746",MAPFRE
597,05/04/2022,"1,8910","1,8590",8.247.948,"15.413.792,70","1,8910","1,8930","1,8590","1,8796",MAPFRE
598,06/04/2022,"1,8630","1,8910",3.746.717,"7.006.013,25","1,8630","1,9140","1,8610","1,8699",MAPFRE
599,07/04/2022,"1,8730","1,8630",2.868.407,"5.403.388,95","1,8730","1,9100","1,8660","1,8838",MAPFRE
600,08/04/2022,"1,8880","1,8730",2.075.534,"3.924.310,29","1,8880","1,9010","1,8850","1,8907",MAPFRE
602,09/03/2022,"6,0860","5,6240",2.338.909,"13.976.845,85","6,0860","6,1660","5,7740","6,0158",MELIA HOTELS
603,10/03/2022,"6,0640","6,0860",1.274.996,"7.735.299,19","6,0640","6,1940","5,9700","6,0669",MELIA HOTELS
604,11/03/2022,"6,3400","6,0640",1.595.750,"10.200.569,82","6,3400","6,5500","6,1100","6,3923",MELIA HOTELS
605,14/03/2022,"6,2460","6,3400",1.051.860,"6.681.434,89","6,2460","6,5980","6,2180","6,3520",MELIA HOTELS
606,15/03/2022,"6,3260","6,2460",969.442,"6.084.274,73","6,3260","6,3460","6,1440","6,2751",MELIA HOTELS
607,16/03/2022,"6,6800","6,3260",1.732.794,"11.409.472,57","6,6800","6,7400","6,4760","6,6317",MELIA HOTELS
608,17/03/2022,"6,6020","6,6800",792.855,"5.269.095,51","6,6020","6,7900","6,5640","6,6457",MELIA HOTELS
609,18/03/2022,"6,6380","6,6020",737.226,"4.873.536,25","6,6380","6,6760","6,5100","6,6106",MELIA HOTELS
610,21/03/2022,"6,4840","6,6380",616.501,"4.031.438,76","6,4840","6,6540","6,4840","6,5392",MELIA HOTELS
611,22/03/2022,"6,6740","6,4840",569.854,"3.774.187,47","6,6740","6,6740","6,4960","6,6231",MELIA HOTELS
612,23/03/2022,"6,4740","6,6740",873.805,"5.743.336,61","6,4740","6,7160","6,4740","6,5359",MELIA HOTELS
613,24/03/2022,"6,5400","6,4740",634.840,"4.136.257,27","6,5400","6,5600","6,4600","6,5154",MELIA HOTELS
614,25/03/2022,"6,6000","6,5400",440.613,"2.910.517,66","6,6000","6,6580","6,5420","6,6056",MELIA HOTELS
615,28/03/2022,"6,6060","6,6000",507.305,"3.371.245,13","6,6060","6,7200","6,5700","6,6454",MELIA HOTELS
616,29/03/2022,"6,9520","6,6060",1.088.057,"7.439.004,04","6,9520","6,9520","6,6720","6,8370",MELIA HOTELS
617,30/03/2022,"6,8820","6,9520",728.129,"5.004.560,42","6,8820","6,9580","6,7840","6,8732",MELIA HOTELS
618,31/03/2022,"6,8060","6,8820",438.742,"2.998.386,70","6,8060","6,9260","6,7740","6,8341",MELIA HOTELS
619,01/04/2022,"6,7300","6,8060",462.013,"3.130.598,88","6,7300","6,8500","6,7050","6,7760",MELIA HOTELS
620,04/04/2022,"6,6400","6,7300",887.065,"5.848.951,46","6,6400","6,8300","6,5300","6,5936",MELIA HOTELS
621,05/04/2022,"6,6450","6,6400",522.717,"3.480.202,72","6,6450","6,7300","6,6000","6,6579",MELIA HOTELS
622,06/04/2022,"6,3000","6,6450",894.277,"5.755.320,54","6,3000","6,7250","6,3000","6,4357",MELIA HOTELS
623,07/04/2022,"6,2500","6,3000",1.027.891,"6.536.844,62","6,2500","6,4800","6,2500","6,3443",MELIA HOTELS
624,08/04/2022,"6,2800","6,2500",470.157,"2.970.944,43","6,2800","6,4300","6,2250","6,3190",MELIA HOTELS
626,09/03/2022,"9,4440","8,9400",1.161.629,"10.917.216,97","9,4440","9,4980","9,1280","9,3982",MERLIN
627,10/03/2022,"9,4880","9,4440",736.469,"6.984.457,25","9,4880","9,6060","9,3660","9,4837",MERLIN
628,11/03/2022,"9,6400","9,4880",959.872,"9.250.162,31","9,6400","9,7800","9,4720","9,6369",MERLIN
629,14/03/2022,"9,8060","9,6400",769.763,"7.571.636,05","9,8060","10,0200","9,7200","9,8363",MERLIN
630,15/03/2022,"9,8500","9,8060",838.697,"8.247.366,18","9,8500","9,8820","9,6880","9,8343",MERLIN
631,16/03/2022,"10,1500","9,8500",1.595.486,"16.220.577,57","10,1500","10,3800","9,9680","10,2045",MERLIN
632,17/03/2022,"10,2950","10,1500",1.232.280,"12.623.798,58","10,2950","10,3350","10,1050","10,2511",MERLIN
633,18/03/2022,"10,2600","10,2950",1.532.018,"15.616.079,37","10,2600","10,3500","9,9240","10,1930",MERLIN
634,21/03/2022,"10,2050","10,2600",580.463,"5.956.814,69","10,2050","10,4000","10,2050","10,2622",MERLIN
635,22/03/2022,"10,4650","10,2050",755.554,"7.867.693,71","10,4650","10,4800","10,2000","10,4131",MERLIN
636,23/03/2022,"10,0900","10,4650",888.657,"9.069.875,11","10,0900","10,4650","10,0900","10,2063",MERLIN
637,24/03/2022,"10,1550","10,0900",722.871,"7.306.944,07","10,1550","10,1900","10,0100","10,1082",MERLIN
638,25/03/2022,"10,6500","10,1550",1.069.436,"11.301.896,41","10,6500","10,7000","10,1850","10,5681",MERLIN
639,28/03/2022,"10,7250","10,6500",746.259,"8.012.879,77","10,7250","10,8550","10,6650","10,7369",MERLIN
640,29/03/2022,"10,7600","10,7250",953.240,"10.230.526,59","10,7600","10,8100","10,5950","10,7324",MERLIN
641,30/03/2022,"10,7600","10,7600",593.229,"6.379.146,81","10,7600","10,8000","10,6500","10,7533",MERLIN
642,31/03/2022,"10,5850","10,7600",1.189.078,"12.673.375,02","10,5850","10,8100","10,5650","10,6170",MERLIN
643,01/04/2022,"10,6200","10,5850",629.137,"6.701.850,55","10,6200","10,7300","10,6100","10,6505",MERLIN
644,04/04/2022,"10,7700","10,6200",1.672.642,"18.149.830,16","10,7700","11,1100","10,7000","10,8504",MERLIN
645,05/04/2022,"10,7700","10,7700",1.667.852,"17.977.070,26","10,7700","10,8400","10,6800","10,7694",MERLIN
646,06/04/2022,"10,3900","10,7700",960.313,"10.051.189,52","10,3900","10,7100","10,3800","10,4666",MERLIN
647,07/04/2022,"10,4400","10,3900",1.561.644,"16.286.191,74","10,4400","10,6300","10,2200","10,4704",MERLIN
648,08/04/2022,"10,5900","10,4400",657.552,"6.962.733,23","10,5900","10,6800","10,5000","10,5898",MERLIN
650,09/03/2022,"25,0200","24,0400",971.755,"24.148.307,04","25,0200","25,1300","24,1900","24,8502",NATURGY
651,10/03/2022,"25,0300","25,0200",620.315,"15.435.801,03","25,0300","25,1300","24,3300","24,8838",NATURGY
652,11/03/2022,"24,7200","25,0300",888.661,"22.070.725,98","24,7200","25,3700","24,5000","24,8359",NATURGY
653,14/03/2022,"24,0900","24,7200",638.718,"15.407.314,19","24,0900","25,0400","23,7000","24,1222",NATURGY
654,15/03/2022,"24,3100","24,0900",858.508,"20.794.703,09","24,3100","24,4000","23,9800","24,2792",NATURGY
655,16/03/2022,"24,2800","24,3100",762.378,"18.581.357,49","24,2800","24,9000","24,1200","24,3729",NATURGY
656,17/03/2022,"24,4100","24,2800",698.919,"17.035.302,15","24,4100","24,6100","23,9800","24,3806",NATURGY
657,18/03/2022,"24,6400","23,9100",9.256.260,"227.797.310,38","24,6400","24,6400","23,6600","24,5989",NATURGY
658,21/03/2022,"24,6500","24,6400",955.328,"23.811.174,41","24,6500","25,7300","24,4800","24,9246",NATURGY
659,22/03/2022,"25,1500","24,6500",540.063,"13.487.710,54","25,1500","25,2100","24,5700","25,0162",NATURGY
660,23/03/2022,"24,7300","25,1500",730.305,"18.101.145,05","24,7300","25,2900","24,7100","24,8129",NATURGY
661,24/03/2022,"25,5100","24,7300",577.748,"14.723.125,07","25,5100","25,7500","24,7400","25,4836",NATURGY
662,25/03/2022,"26,3600","25,5100",810.673,"21.267.143,44","26,3600","26,3600","25,5600","26,2339",NATURGY
663,28/03/2022,"26,8500","26,3600",505.164,"13.538.195,35","26,8500","26,9700","26,3900","26,7996",NATURGY
664,29/03/2022,"26,6200","26,8500",504.332,"13.461.637,84","26,6200","27,1200","26,2100","26,5747",NATURGY
665,30/03/2022,"27,2400","26,6200",514.235,"13.839.992,67","27,2400","27,2400","26,4800","27,0940",NATURGY
666,31/03/2022,"27,1600","27,2400",388.381,"10.550.962,56","27,1600","27,3700","26,9700","27,1665",NATURGY
667,01/04/2022,"26,8600","27,1600",460.058,"12.314.752,47","26,8600","27,0100","26,4500","26,7768",NATURGY
668,04/04/2022,"26,8900","26,8600",283.713,"7.621.067,73","26,8900","27,0500","26,6300","26,8619",NATURGY
669,05/04/2022,"27,7200","26,8900",481.713,"13.265.616,94","27,7200","27,8600","26,6600","27,5384",NATURGY
670,06/04/2022,"28,2400","27,7200",434.988,"12.223.771,17","28,2400","28,2400","27,4300","28,1014",NATURGY
671,07/04/2022,"28,6500","28,2400",404.671,"11.575.087,44","28,6500","28,8100","28,0700","28,6037",NATURGY
672,08/04/2022,"29,2400","28,6500",403.392,"11.743.919,77","29,2400","29,3600","28,6500","29,1129",NATURGY
674,09/03/2022,"59,3600","56,0800",102.998,"6.047.754,62","59,3600","59,8000","56,7800","58,7172",PHARMA MAR
675,10/03/2022,"59,1000","59,3600",116.608,"7.003.028,68","59,1000","61,4600","58,7200","60,0562",PHARMA MAR
676,11/03/2022,"59,0200","59,1000",86.015,"5.104.838,00","59,0200","60,7600","58,4800","59,3482",PHARMA MAR
677,14/03/2022,"60,5000","59,0200",79.246,"4.761.793,00","60,5000","60,9000","58,9600","60,0887",PHARMA MAR
678,15/03/2022,"59,4400","60,5000",89.589,"5.312.407,04","59,4400","60,3000","58,4000","59,2975",PHARMA MAR
679,16/03/2022,"61,0800","59,4400",98.765,"5.969.099,78","61,0800","61,2000","59,4800","60,4374",PHARMA MAR
680,17/03/2022,"62,5600","61,0800",102.878,"6.409.587,60","62,5600","63,3200","60,9400","62,3028",PHARMA MAR
681,18/03/2022,"64,8600","62,5600",145.158,"9.291.832,50","64,8600","65,1000","62,5600","64,0119",PHARMA MAR
682,21/03/2022,"63,9000","64,8600",60.323,"3.875.589,10","63,9000","65,3000","63,6600","64,2473",PHARMA MAR
683,22/03/2022,"65,7000","63,9000",85.920,"5.554.716,80","65,7000","65,7000","62,9200","64,6499",PHARMA MAR
684,23/03/2022,"66,9600","65,7000",117.113,"7.781.587,20","66,9600","67,3600","65,4000","66,4451",PHARMA MAR
685,24/03/2022,"68,4000","66,9600",88.642,"6.027.967,72","68,4000","68,8000","66,5400","68,0035",PHARMA MAR
686,25/03/2022,"67,4000","68,4000",71.562,"4.887.596,36","67,4000","69,5000","67,3000","68,2988",PHARMA MAR
687,28/03/2022,"67,5400","67,4000",54.925,"3.722.232,72","67,5400","68,4400","67,1000","67,7694",PHARMA MAR
688,29/03/2022,"67,6600","67,5400",71.962,"4.838.852,46","67,6600","68,7000","66,2000","67,2418",PHARMA MAR
689,30/03/2022,"70,0000","67,6600",118.020,"8.134.494,18","70,0000","70,2000","66,9400","68,9247",PHARMA MAR
690,31/03/2022,"68,4200","70,0000",82.032,"5.638.991,42","68,4200","70,4600","68,0000","68,7414",PHARMA MAR
691,01/04/2022,"71,8400","68,4200",139.693,"9.937.625,36","71,8400","72,1000","68,8000","71,1390",PHARMA MAR
692,04/04/2022,"73,9200","71,8400",115.877,"8.477.522,16","73,9200","74,1200","71,0000","73,1597",PHARMA MAR
693,05/04/2022,"75,4400","73,9200",107.601,"8.080.718,76","75,4400","75,9600","73,4000","75,0989",PHARMA MAR
694,06/04/2022,"75,3800","75,4400",85.276,"6.472.208,00","75,3800","76,9000","74,8000","75,8972",PHARMA MAR
695,07/04/2022,"75,5600","75,3800",89.886,"6.851.961,80","75,5600","77,4800","75,0400","76,2295",PHARMA MAR
696,08/04/2022,"74,8400","75,5600",76.358,"5.713.306,60","74,8400","76,4200","73,7000","74,8226",PHARMA MAR
698,09/03/2022,"17,9100","17,4150",2.312.912,"41.184.112,38","17,9100","17,9400","17,4600","17,8071",R.E.C.
699,10/03/2022,"17,9850","17,9100",2.008.340,"35.990.723,45","17,9850","18,0300","17,6300","17,9214",R.E.C.
700,11/03/2022,"17,8200","17,9850",2.055.984,"36.770.122,36","17,8200","18,1800","17,8150","17,8844",R.E.C.
701,14/03/2022,"17,2800","17,8200",1.428.152,"24.776.654,56","17,2800","17,9300","17,2200","17,3487",R.E.C.
702,15/03/2022,"17,4500","17,2800",1.469.146,"25.548.273,66","17,4500","17,4600","17,1700","17,3899",R.E.C.
703,16/03/2022,"17,1750","17,4500",1.537.825,"26.546.380,28","17,1750","17,6250","17,1550","17,2623",R.E.C.
704,17/03/2022,"17,4400","17,1750",1.138.728,"19.741.450,43","17,4400","17,4400","16,9800","17,3364",R.E.C.
705,18/03/2022,"17,7250","17,4400",4.835.688,"85.546.687,58","17,7250","17,7250","17,4250","17,6906",R.E.C.
706,21/03/2022,"17,7200","17,7250",891.708,"15.816.272,06","17,7200","17,8550","17,5700","17,7371",R.E.C.
707,22/03/2022,"17,4800","17,7200",1.869.630,"32.521.626,72","17,4800","17,7650","17,0450","17,3947",R.E.C.
708,23/03/2022,"17,1600","17,4800",1.328.423,"22.855.389,94","17,1600","17,5700","17,1600","17,2049",R.E.C.
709,24/03/2022,"17,5500","17,1600",1.060.306,"18.554.349,63","17,5500","17,5500","17,2350","17,4991",R.E.C.
710,25/03/2022,"17,6300","17,5500",1.048.488,"18.464.408,00","17,6300","17,6850","17,4900","17,6105",R.E.C.
711,28/03/2022,"17,9750","17,6300",1.023.371,"18.353.606,21","17,9750","17,9950","17,6250","17,9352",R.E.C.
712,29/03/2022,"17,9400","17,9750",1.210.224,"21.687.781,15","17,9400","18,0750","17,7150","17,9205",R.E.C.
713,30/03/2022,"18,3500","17,9400",1.405.824,"25.683.251,20","18,3500","18,3500","17,7550","18,2692",R.E.C.
714,31/03/2022,"18,6100","18,3500",2.035.802,"37.763.382,22","18,6100","18,6750","18,2450","18,5664",R.E.C.
715,01/04/2022,"18,7950","18,6100",1.544.054,"28.940.040,65","18,7950","18,8400","18,5050","18,7535",R.E.C.
716,04/04/2022,"18,4900","18,7950",1.628.163,"30.215.143,35","18,4900","18,9850","18,4750","18,5578",R.E.C.
717,05/04/2022,"19,0000","18,4900",1.328.521,"25.041.771,22","19,0000","19,0000","18,2150","18,8494",R.E.C.
718,06/04/2022,"19,0600","19,0000",1.791.219,"34.107.053,84","19,0600","19,1600","18,8650","19,0413",R.E.C.
719,07/04/2022,"19,1600","19,0600",1.512.525,"28.976.742,98","19,1600","19,3300","19,0000","19,1579",R.E.C.
720,08/04/2022,"19,6000","19,1600",1.750.914,"34.157.319,74","19,6000","19,6000","19,1650","19,5167",R.E.C.
722,09/03/2022,"11,8500","12,2420",15.514.946,"186.971.119,97","11,8500","12,4680","11,7860","11,9752",REPSOL
723,10/03/2022,"11,8240","11,8500",8.048.141,"95.476.073,58","11,8240","11,9880","11,7080","11,8631",REPSOL
724,11/03/2022,"11,6340","11,8240",10.953.044,"128.516.213,18","11,6340","11,9800","11,5480","11,7164",REPSOL
725,14/03/2022,"11,4540","11,6340",8.889.217,"104.189.666,56","11,4540","11,6640","11,2680","11,4491",REPSOL
726,15/03/2022,"11,4680","11,4540",7.791.864,"88.076.876,17","11,4680","11,4680","11,1580","11,3253",REPSOL
727,16/03/2022,"11,2280","11,4680",10.864.520,"123.167.428,06","11,2280","11,6420","11,1980","11,2902",REPSOL
728,17/03/2022,"11,4920","11,2280",7.039.284,"80.674.463,68","11,4920","11,5480","11,2760","11,4622",REPSOL
729,18/03/2022,"11,2180","11,4920",15.595.515,"175.027.892,97","11,2180","11,6000","11,1600","11,2374",REPSOL
730,21/03/2022,"11,6300","11,2180",9.412.952,"110.241.565,80","11,6300","11,6500","11,2420","11,5651",REPSOL
731,22/03/2022,"11,6780","11,6300",4.852.844,"56.818.342,98","11,6780","11,8320","11,6060","11,7083",REPSOL
732,23/03/2022,"12,0700","11,6780",7.940.775,"95.473.098,73","12,0700","12,1440","11,8100","12,0231",REPSOL
733,24/03/2022,"11,9900","12,0700",7.738.390,"93.347.029,10","11,9900","12,2040","11,9800","12,0578",REPSOL
734,25/03/2022,"12,1640","11,9900",4.335.122,"52.267.613,25","12,1640","12,1940","11,7900","12,0510",REPSOL
735,28/03/2022,"11,9040","12,1640",16.686.343,"203.075.885,17","11,9040","12,3060","11,8300","12,0352",REPSOL
736,29/03/2022,"11,7720","11,9040",6.530.273,"77.336.877,13","11,7720","12,1700","11,6220","11,8428",REPSOL
737,30/03/2022,"12,0220","11,7720",4.696.618,"56.341.196,92","12,0220","12,0460","11,8800","11,9957",REPSOL
738,31/03/2022,"11,9240","12,0220",5.251.275,"62.676.294,75","11,9240","12,0620","11,8340","11,9364",REPSOL
739,01/04/2022,"11,9450","11,9240",4.753.153,"56.661.835,17","11,9450","12,0050","11,7000","11,9209",REPSOL
740,04/04/2022,"11,8800","11,9450",6.647.661,"81.439.847,57","11,8800","12,0650","11,8700","11,9302",REPSOL
741,05/04/2022,"12,1900","11,8800",9.687.630,"116.760.516,21","12,1900","12,2000","11,8650","12,0935",REPSOL
742,06/04/2022,"12,3000","12,1900",6.195.618,"76.349.070,48","12,3000","12,4200","12,1650","12,3231",REPSOL
743,07/04/2022,"12,2200","12,3000",9.457.273,"115.999.631,49","12,2200","12,3800","12,1250","12,2443",REPSOL
744,08/04/2022,"12,8300","12,2200",12.854.634,"162.395.345,07","12,8300","12,8300","12,3350","12,7067",REPSOL
746,09/03/2022,"69,5000","66,0000",160.944,"10.984.706,40","69,5000","69,7000","65,8000","68,2517",ROVI
747,10/03/2022,"68,9000","69,5000",149.631,"10.367.384,60","68,9000","70,2000","68,7000","69,4389",ROVI
748,11/03/2022,"69,1000","68,9000",150.653,"10.480.780,50","69,1000","70,3000","68,7000","69,6234",ROVI
749,14/03/2022,"71,2000","69,1000",107.361,"7.566.544,40","71,2000","71,6000","68,9000","70,4776",ROVI
750,15/03/2022,"65,0000","71,2000",3.274.738,"211.788.768,10","65,0000","68,2000","64,7000","65,3206",ROVI
751,16/03/2022,"66,8000","65,0000",437.181,"29.129.548,00","66,8000","67,3000","65,7000","66,8229",ROVI
752,17/03/2022,"67,6000","66,8000",515.355,"34.639.313,70","67,6000","67,7000","66,8000","67,2553",ROVI
753,18/03/2022,"68,7000","67,6000",159.941,"10.989.956,40","68,7000","69,4000","67,7000","68,7126",ROVI
754,21/03/2022,"68,5000","68,7000",101.393,"6.943.082,80","68,5000","69,1000","67,7000","68,4769",ROVI
755,22/03/2022,"69,3000","68,5000",88.602,"6.119.425,70","69,3000","69,7000","68,4000","69,0665",ROVI
756,23/03/2022,"69,9000","69,3000",93.450,"6.520.556,30","69,9000","70,1000","69,3000","69,7759",ROVI
757,24/03/2022,"69,1000","69,9000",148.746,"10.368.113,70","69,1000","69,9000","68,9000","69,4139",ROVI
758,25/03/2022,"68,3000","69,1000",95.540,"6.582.310,60","68,3000","69,9000","67,9000","68,8459",ROVI
759,28/03/2022,"68,1000","68,3000",60.788,"4.169.975,80","68,1000","69,3000","68,1000","68,5987",ROVI
760,29/03/2022,"67,5000","68,1000",91.861,"6.218.916,00","67,5000","69,3000","66,7000","67,6231",ROVI
761,30/03/2022,"67,8000","67,5000",48.997,"3.319.769,30","67,8000","68,3000","67,1000","67,7545",ROVI
762,31/03/2022,"67,2000","67,8000",97.935,"6.620.824,00","67,2000","68,4000","67,2000","67,6812",ROVI
763,01/04/2022,"65,8500","67,2000",61.589,"4.065.833,25","65,8500","67,5000","65,1000","66,0156",ROVI
764,04/04/2022,"67,8000","65,8500",88.614,"5.993.682,00","67,8000","68,2000","66,0000","67,6381",ROVI
765,05/04/2022,"69,5000","67,8000",118.906,"8.152.284,40","69,5000","69,5000","67,4000","68,5607",ROVI
766,06/04/2022,"69,4500","69,5000",126.704,"8.718.521,00","69,4500","69,9000","67,9500","68,8101",ROVI
767,07/04/2022,"69,4500","69,4500",105.642,"7.366.519,95","69,4500","70,8000","68,7500","69,7310",ROVI
768,08/04/2022,"69,9000","69,4500",201.714,"14.105.222,00","69,9000","70,5000","68,8500","69,8679",ROVI
770,09/03/2022,"19,1550","19,6500",2.378.224,"46.028.718,72","19,1550","20,8200","18,8300","19,3542",SIEMENS GAME
771,10/03/2022,"18,3900","19,1550",2.476.263,"46.692.803,15","18,3900","19,7600","18,1450","18,7816",SIEMENS GAME
772,11/03/2022,"18,9250","18,3900",2.253.121,"42.736.765,22","18,9250","19,3300","18,6100","18,9678",SIEMENS GAME
773,14/03/2022,"18,5400","18,9250",1.897.030,"35.603.246,33","18,5400","19,1900","18,4550","18,6914",SIEMENS GAME
774,15/03/2022,"18,0800","18,5400",1.620.975,"29.636.729,96","18,0800","18,8700","18,0600","18,2833",SIEMENS GAME
775,16/03/2022,"18,4850","18,0800",2.007.960,"36.685.296,54","18,4850","18,5400","17,6550","18,2647",SIEMENS GAME
776,17/03/2022,"18,1100","18,4850",1.672.955,"30.500.016,44","18,1100","18,8150","17,8400","18,2312",SIEMENS GAME
777,18/03/2022,"18,2050","18,1100",2.734.388,"51.086.302,10","18,2050","18,2950","17,4200","18,0221",SIEMENS GAME
778,21/03/2022,"17,8200","18,2050",931.543,"16.727.703,31","17,8200","18,3400","17,7350","17,9570",SIEMENS GAME
779,22/03/2022,"17,7600","17,8200",1.300.607,"23.012.377,72","17,7600","17,9900","17,4600","17,6936",SIEMENS GAME
780,23/03/2022,"16,9950","17,7600",1.337.134,"23.016.933,35","16,9950","17,8100","16,9950","17,2136",SIEMENS GAME
781,24/03/2022,"16,8400","16,9950",1.865.355,"31.442.775,54","16,8400","17,4400","16,4000","16,8562",SIEMENS GAME
782,25/03/2022,"15,6750","16,8400",2.716.778,"43.603.678,05","15,6750","16,8600","15,6500","16,0498",SIEMENS GAME
783,28/03/2022,"15,5500","15,6750",2.550.402,"39.701.449,73","15,5500","16,0600","15,2650","15,5667",SIEMENS GAME
784,29/03/2022,"15,8050","15,5500",3.032.784,"47.834.775,54","15,8050","15,9150","15,5350","15,7773",SIEMENS GAME
785,30/03/2022,"16,1250","15,8050",1.849.332,"29.838.267,51","16,1250","16,3950","15,6000","16,1346",SIEMENS GAME
786,31/03/2022,"15,9750","16,1250",1.501.995,"24.100.340,83","15,9750","16,2850","15,8000","16,0456",SIEMENS GAME
787,01/04/2022,"15,9450","15,9750",1.485.872,"23.783.507,20","15,9450","16,2350","15,8400","16,0091",SIEMENS GAME
788,04/04/2022,"15,9600","15,9450",1.599.121,"25.346.838,54","15,9600","16,3500","15,4500","15,8513",SIEMENS GAME
789,05/04/2022,"17,0500","15,9600",4.516.418,"75.236.363,27","17,0500","17,5350","15,9400","16,9617",SIEMENS GAME
790,06/04/2022,"16,1000","17,0500",3.240.644,"52.348.707,73","16,1000","17,2400","15,6750","16,1538",SIEMENS GAME
791,07/04/2022,"15,8150","16,1000",2.195.435,"34.915.208,13","15,8150","16,2250","15,7150","15,9035",SIEMENS GAME
792,08/04/2022,"16,0500","15,8150",1.456.684,"23.401.344,84","16,0500","16,3100","15,8200","16,0648",SIEMENS GAME
794,09/03/2022,"19,9600","19,7200",3.277.841,"66.108.025,37","19,9600","21,2100","19,0750","20,0690",SOLARIA
795,10/03/2022,"20,0900","19,9600",1.660.830,"33.525.311,14","20,0900","20,7200","19,5550","20,1859",SOLARIA
796,11/03/2022,"20,7900","20,0900",1.443.328,"29.951.403,23","20,7900","21,0400","20,0000","20,7516",SOLARIA
797,14/03/2022,"19,6500","20,7900",1.663.640,"33.540.199,58","19,6500","20,7700","19,6450","20,0787",SOLARIA
798,15/03/2022,"19,3200","19,6500",1.591.491,"30.442.165,10","19,3200","19,6700","18,3600","19,1281",SOLARIA
799,16/03/2022,"19,2100","19,3200",1.504.845,"29.113.814,42","19,2100","19,6800","18,8950","19,2053",SOLARIA
800,17/03/2022,"19,4250","19,2100",639.995,"12.481.826,61","19,4250","19,7800","19,1200","19,5030",SOLARIA
801,18/03/2022,"19,7550","19,4250",1.131.559,"22.301.163,62","19,7550","19,8450","19,3450","19,7109",SOLARIA
802,21/03/2022,"19,3000","19,7550",413.041,"8.027.966,74","19,3000","19,9000","19,2250","19,4362",SOLARIA
803,22/03/2022,"19,7450","19,3000",428.696,"8.396.819,73","19,7450","19,8200","19,1800","19,5869",SOLARIA
804,23/03/2022,"19,5700","19,7450",749.378,"14.679.218,34","19,5700","19,8700","19,4300","19,6105",SOLARIA
805,24/03/2022,"19,8200","19,5700",523.114,"10.376.940,62","19,8200","20,1400","19,1500","19,8369",SOLARIA
806,25/03/2022,"19,9650","19,8200",682.687,"13.734.896,20","19,9650","20,3900","19,6900","20,1189",SOLARIA
807,28/03/2022,"20,5100","19,9650",552.602,"11.270.526,50","20,5100","20,7300","20,0300","20,3954",SOLARIA
808,29/03/2022,"18,7000","20,5100",1.775.648,"34.254.190,16","18,7000","20,8200","18,6350","19,2097",SOLARIA
809,30/03/2022,"19,9200","18,7000",1.360.250,"26.830.056,00","19,9200","20,3000","18,7300","19,7244",SOLARIA
810,31/03/2022,"20,4300","19,9200",638.140,"12.915.212,30","20,4300","20,6100","19,4000","20,2388",SOLARIA
811,01/04/2022,"20,7700","20,4300",533.489,"11.001.284,76","20,7700","20,9500","20,2000","20,6214",SOLARIA
812,04/04/2022,"21,1600","20,7700",716.846,"14.981.621,93","21,1600","21,5500","20,2200","20,8994",SOLARIA
813,05/04/2022,"22,5000","21,1600",1.363.022,"30.391.784,84","22,5000","22,8000","21,1500","22,2974",SOLARIA
814,06/04/2022,"22,8100","22,5000",1.134.873,"25.525.411,76","22,8100","22,8300","21,9000","22,4889",SOLARIA
815,07/04/2022,"22,5300","22,8100",1.021.537,"23.216.730,95","22,5300","23,3600","22,1000","22,7381",SOLARIA
816,08/04/2022,"22,9100","22,5300",460.404,"10.478.635,19","22,9100","22,9300","22,3300","22,7597",SOLARIA
818,09/03/2022,"3,9695","3,8555",19.394.951,"76.716.620,68","3,9695","3,9895","3,9050","3,9631",TELEFONICA
819,10/03/2022,"4,0020","3,9695",20.532.832,"81.853.079,79","4,0020","4,0275","3,9255","3,9864",TELEFONICA
820,11/03/2022,"3,9885","4,0020",15.201.428,"60.842.289,59","3,9885","4,0710","3,9555","4,0025",TELEFONICA
821,14/03/2022,"4,0140","3,9885",20.657.344,"83.044.414,88","4,0140","4,0680","3,9965","4,0201",TELEFONICA
822,15/03/2022,"4,0410","4,0140",13.867.758,"55.813.955,78","4,0410","4,0500","3,9710","4,0247",TELEFONICA
823,16/03/2022,"4,1085","4,0410",21.987.288,"90.175.656,30","4,1085","4,1280","4,0375","4,1013",TELEFONICA
824,17/03/2022,"4,1900","4,1085",18.770.973,"78.138.908,54","4,1900","4,1970","4,1025","4,1630",TELEFONICA
825,18/03/2022,"4,1710","4,1900",62.065.212,"281.112.895,83","4,1710","4,1970","4,1080","4,1636",TELEFONICA
826,21/03/2022,"4,1860","4,1710",14.512.128,"60.639.298,91","4,1860","4,2190","4,1335","4,1929",TELEFONICA
827,22/03/2022,"4,2450","4,1860",9.128.815,"38.769.207,05","4,2450","4,2585","4,1850","4,2364",TELEFONICA
828,23/03/2022,"4,1915","4,2450",14.436.441,"60.819.315,36","4,1915","4,2600","4,1850","4,2018",TELEFONICA
829,24/03/2022,"4,2030","4,1915",8.926.154,"37.476.536,81","4,2030","4,2295","4,1630","4,1985",TELEFONICA
830,25/03/2022,"4,2395","4,2030",17.181.885,"72.075.929,58","4,2395","4,2395","4,1650","4,2209",TELEFONICA
831,28/03/2022,"4,3140","4,2395",14.229.721,"61.581.651,21","4,3140","4,3830","4,2425","4,3317",TELEFONICA
832,29/03/2022,"4,3560","4,3140",15.124.860,"66.068.652,64","4,3560","4,4105","4,3150","4,3682",TELEFONICA
833,30/03/2022,"4,4120","4,3560",10.565.189,"46.418.375,42","4,4120","4,4120","4,3415","4,3935",TELEFONICA
834,31/03/2022,"4,3885","4,4120",12.829.772,"56.338.864,04","4,3885","4,4325","4,3580","4,3917",TELEFONICA
835,01/04/2022,"4,4170","4,3885",9.798.232,"43.155.322,09","4,4170","4,4240","4,3670","4,4047",TELEFONICA
836,04/04/2022,"4,4360","4,4170",11.324.858,"50.044.833,10","4,4360","4,4360","4,3800","4,4177",TELEFONICA
837,05/04/2022,"4,4970","4,4360",11.005.030,"49.234.474,22","4,4970","4,4970","4,4180","4,4738",TELEFONICA
838,06/04/2022,"4,5420","4,4970",17.158.072,"77.595.365,54","4,5420","4,5420","4,4640","4,5224",TELEFONICA
839,07/04/2022,"4,5500","4,5420",12.804.902,"59.561.685,30","4,5500","4,6120","4,5050","4,5617",TELEFONICA
840,08/04/2022,"4,6270","4,5500",12.517.848,"57.781.523,33","4,6270","4,6300","4,5660","4,6159",TELEFONICA
